,fec_id,candidate_name,last_name,party,donor_count,first_quartile_bachelors_pct,second_quartile_bachelors_pct,third_quartile_bachelors_pct,fourth_quartile_bachelors_pct,first_quartile_household_income,second_quartile_household_income,third_quartile_household_income,fourth_quartile_household_income,majority_non_hispanic_white_zipcode,majority_hispanic_zipcode,majority_black_zipcode,majority_asian_zipcode,majority_indigenous_zipcode,majority_hawaiian_pacific_islander_zipcode,no_majority_ethnicity_zipcode,median_household_income,district_name,high_income_zipcode_pct,majority_white_zipcode_pct,high_bachelors_zipcode_pct
0,H0AR02206,JOYCE ANN ELLIOTT,ELLIOTT,DEM,11131,7872,1937,1030,292,3820,3004,2201,2106,8834,270,773,33,3,0,1218,66279.9249,AR-02,0.343185698,0.793639385,0.707214087
1,H0AR03105,CELESTE WILLIAMS,WILLIAMS,DEM,4006,3020,680,245,61,1837,971,601,597,3240,117,108,15,0,0,526,73477.7678,AR-03,0.458562157,0.80878682,0.753869196
2,H0AZ01358,EVA PUTZOVA,PUTZOVA,DEM,3287,2512,485,211,79,1460,820,655,352,2541,195,74,20,8,0,449,73949.5847,AZ-01,0.444174019,0.77304533,0.764222695
3,H0AZ08072,MICHAEL MUSCATO,MUSCATO,DEM,2294,1647,462,138,47,1192,528,361,213,1928,108,22,8,0,0,228,76835.003,AZ-08,0.519616391,0.840453357,0.717959895
4,H0CA03078,AMERISH BERA,BERA,DEM,1745,1450,231,50,14,1100,413,135,97,1321,38,13,20,0,0,353,87022.33,CA-07,0.630372493,0.757020057,0.830945559
5,H0CA04175,BRYNNE KENNEDY,KENNEDY,DEM,3380,2543,642,137,58,2159,812,305,104,2998,43,2,42,0,0,295,88437.8201,CA-04,0.638757396,0.886982249,0.752366864
6,H0CA08101,CHRISTINE BUBSER,BUBSER,DEM,2712,2117,304,229,62,1564,635,329,184,1951,250,13,32,1,0,465,86443.3628,CA-08,0.576696165,0.71939528,0.78060472
7,H0CA22094,AMIR REZVANI SARABI,REZVANI SARABI,DEM,1754,1432,213,80,29,1193,324,150,87,1216,105,10,45,0,0,378,91986.8141,CA-22,0.680159635,0.69327252,0.816419612
8,H0CA22102,PHIL ARBALLO,ARBALLO,DEM,45360,34486,7142,2931,801,25883,10529,5852,3096,34234,2310,675,562,15,0,7564,82425.2231,CA-22,0.570612875,0.754717813,0.760273369
9,H0CA23167,KIM MANGONE,MANGONE,DEM,15765,11644,2592,1186,343,8861,3669,2041,1194,11670,908,272,190,3,0,2722,81272.6239,CA-23,0.562067872,0.740247383,0.73859816
10,H0CA25105,MICHAEL GARCIA,GARCIA,REP,20509,12378,4910,2381,840,9894,5438,3402,1775,16333,1103,233,191,8,0,2641,75805.6389,CA-25,0.482422351,0.796382076,0.603539909
11,H0CA25154,CHRISTY SMITH,SMITH,DEM,26300,21134,3488,1273,405,16606,5449,2618,1627,19116,1413,484,293,5,0,4989,86242.7771,CA-25,0.631406844,0.726844106,0.803574144
12,H0CA25170,CENK UYGUR,UYGUR,DEM,1038,669,244,92,33,472,292,161,113,707,74,37,9,0,0,211,71962.5905,CA-25,0.454720617,0.681117534,0.644508671
13,H0CA27085,ADAM SCHIFF,SCHIFF,DEM,159844,119441,27025,10492,2886,86347,38602,22345,12550,125861,6851,3281,1482,78,1,22292,79717.8537,CA-28,0.540195441,0.787398964,0.747234804
14,H0CA28182,ERIC EARLY,EARLY,REP,4332,2641,946,553,192,2069,1099,746,418,3390,290,55,38,2,1,556,74968.7105,CA-28,0.477608495,0.782548476,0.609649123
15,H0CA34131,DAVID KIM,KIM,DEM,1162,842,201,88,31,592,263,163,144,681,114,22,47,1,0,297,76028.6944,CA-34,0.509466437,0.58605852,0.724612737
16,H0CA42217,WILLIAM O'MARA,O'MARA,DEM,1438,979,302,122,35,713,364,196,165,902,122,52,17,0,0,345,74916.9986,CA-42,0.495827538,0.627260083,0.680806676
17,H0CA43108,JOE COLLINS,COLLINS,REP,12038,6764,3082,1618,574,5392,3256,2198,1192,9331,793,189,96,5,0,1624,72668.4443,CA-43,0.447914936,0.775128759,0.561887357
18,H0CA48198,MICHELLE STEEL,STEEL,REP,10122,6309,2269,1139,405,5241,2515,1490,876,7262,755,92,221,6,0,1786,77569.5672,CA-48,0.517783047,0.717447145,0.623295791
19,H0CA50178,DARRELL ISSA,ISSA,REP,2457,1713,453,210,81,1530,556,247,124,1699,218,6,42,0,0,492,86309.9845,CA-50,0.622710623,0.691493691,0.697191697
20,H0CA53107,GEORGETTE GOMEZ,GOMEZ,DEM,13363,9870,2291,926,276,6401,3451,2079,1432,9474,928,385,152,8,0,2417,74850.2685,CA-53,0.479009205,0.708972536,0.7386066
21,H0CA53123,JANESSA GOLDBECK,GOLDBECK,DEM,2012,1678,227,89,18,1171,489,223,129,1411,106,56,22,0,0,417,81428.7649,CA-53,0.582007952,0.701292247,0.833996024
22,H0CO03157,JAMES IACINO,IACINO,DEM,1064,951,92,17,4,494,391,127,52,991,22,4,0,0,0,47,73325.3336,CO-03,0.464285714,0.931390977,0.893796992
23,H0CO04197,ISAAC MCCORKLE,MCCORKLE,DEM,1920,1574,224,106,16,1081,494,248,97,1697,58,9,3,0,0,153,79419.989,CO-04,0.563020833,0.883854167,0.819791667
24,H0CT03072,ROSA DELAURO,DELAURO,DEM,1080,954,99,23,4,770,131,68,111,861,17,11,1,0,0,190,91592.4731,CT-03,0.712962963,0.797222222,0.883333333
25,H0FL03183,ADAM CHRISTENSEN,CHRISTENSEN,DEM,1115,804,185,98,28,529,283,164,139,852,57,18,5,0,0,183,75050.3282,FL-03,0.474439462,0.764125561,0.721076233
26,H0FL04157,DONNA DEEGAN,DEEGAN,DEM,3793,2901,716,143,33,1349,1366,842,236,3418,34,106,9,0,0,226,69072.5652,FL-04,0.355655154,0.901133667,0.76482995
27,H0FL07150,YUKONG ZHAO,ZHAO,REP,1494,1414,53,22,5,1264,131,72,27,969,27,3,145,0,0,350,112838.0194,FL-07,0.84605087,0.648594378,0.946452477
28,H0FL13133,AMANDA MAKKI,MAKKI,REP,2549,1766,520,212,51,1208,663,451,227,2184,71,51,9,0,0,234,77450.2773,FL-13,0.473911338,0.856806591,0.692820714
29,H0FL13158,ANNA PAULINA LUNA,PAULINA LUNA,REP,7457,4419,1972,835,231,2773,2281,1593,810,6108,424,83,30,3,0,809,69126.0898,FL-13,0.371865361,0.819096151,0.592597559
30,H0FL15088,ADAM HATTERSLEY,HATTERSLEY,DEM,3241,2425,534,232,50,1541,871,494,335,2587,113,60,11,2,0,468,77524.8528,FL-15,0.475470534,0.798210429,0.748225856
31,H0FL16094,MARGARET GOOD,GOOD,DEM,4853,4008,653,175,17,1593,1700,1240,320,4347,129,55,11,0,0,311,68517.4683,FL-16,0.328250567,0.895734597,0.825880898
32,H0FL18199,OSVALDO VAZQUEZ,VAZQUEZ,DEM,1447,1140,200,87,20,765,357,218,107,1150,78,43,3,0,0,173,81570.7021,FL-18,0.528680028,0.794747754,0.787836904
33,H0FL18207,PAMELA KEITH,KEITH,DEM,2996,2153,533,262,48,1342,774,555,325,2285,131,121,12,0,0,447,73034.1391,FL-18,0.447930574,0.762683578,0.718624833
34,H0FL19080,THEODORE DEUTCH,DEUTCH,DEM,1060,956,88,12,4,644,269,114,33,878,34,15,3,0,0,130,90892.7801,FL-22,0.60754717,0.828301887,0.901886792
35,H0FL19106,CINDY LYN BANYAI,BANYAI,DEM,1642,1130,347,132,33,762,424,282,174,1316,64,44,4,0,0,214,74706.3757,FL-19,0.46406821,0.801461632,0.68818514
36,H0FL19205,BYRON DONALDS,DONALDS,REP,2043,1413,405,168,57,989,570,320,164,1793,70,15,6,0,0,159,74410.7033,FL-19,0.484092022,0.877630935,0.691629956
37,H0FL19221,CASEY ASKAR,ASKAR,REP,1071,831,151,66,23,638,251,122,60,934,51,9,2,0,0,75,76362.0784,FL-19,0.595704949,0.872082166,0.775910364
38,H0FL23082,JENNIFER PERELMAN,PERELMAN,DEM,6103,4235,1243,489,136,2664,1650,1024,765,4221,431,195,66,3,0,1187,72269.0596,FL-23,0.436506636,0.691627069,0.693921022
39,H0FL26036,CARLOS GIMENEZ,GIMENEZ,REP,1931,1205,464,190,72,818,595,348,170,1307,323,30,17,0,0,254,72971.5344,FL-26,0.423614707,0.676851372,0.624029001
40,H0GA07208,NABILAH ISLAM,ISLAM,DEM,8174,6171,1328,524,151,4097,2013,1144,920,5501,474,445,94,2,0,1658,76137.1082,GA-07,0.501223391,0.672987521,0.754954735
41,H0GA07323,ZAHRA KARINSHAK,KARINSHAK,DEM,1704,1444,197,50,13,1075,305,193,131,1243,37,89,16,0,0,319,84999.98,GA-07,0.630868545,0.729460094,0.84741784
42,H0GA09154,ANTWON STEPHENS,STEPHENS,DEM,1261,962,198,77,24,726,274,166,95,993,46,27,5,0,0,190,82057.1435,GA-09,0.575733545,0.787470262,0.762886598
43,H0GA09170,DEVIN PANDY,PANDY,DEM,1282,924,237,91,30,681,288,189,124,982,49,36,6,0,0,209,77986.5975,GA-09,0.531201248,0.76599064,0.72074883
44,H0HI02155,KAIALI'I KAHELE,KAHELE,DEM,7466,5888,1076,400,102,4120,1918,888,540,5097,294,167,248,2,2,1656,80438.2961,HI-02,0.551834985,0.682694883,0.788641843
45,H0IA01174,ASHLEY ARENHOLZ,ARENHOLZ,REP,6263,3605,1663,762,233,2420,2126,1220,497,5376,227,61,35,0,0,564,71612.1702,IA-01,0.386396296,0.858374581,0.575602746
46,H0IA02156,RITA HART,HART,DEM,4411,3094,754,477,86,1625,1327,1131,328,4032,39,34,21,0,0,285,72116.3312,IA-02,0.368397189,0.91407844,0.701428248
47,H0IL01178,ROBERT EMMONS,EMMONS,DEM,1351,1031,199,95,26,610,309,192,240,870,70,181,7,0,0,223,72394.2642,IL-01,0.451517395,0.643967432,0.763138416
48,H0IL03109,RUSH DARWISH,DARWISH,DEM,1205,856,253,75,21,715,302,113,75,936,40,36,16,1,0,176,80140.1236,IL-03,0.593360996,0.776763485,0.710373444
49,H0IL06060,JEANNE IVES,IVES,REP,3848,2879,619,263,87,2580,717,365,186,3389,113,38,16,0,0,292,85842.9867,IL-06,0.67047817,0.880717256,0.748180873
50,H0IL11052,ADAM KINZINGER,KINZINGER,REP,2691,1659,625,317,90,1313,725,430,223,2228,127,43,18,1,0,274,77167.7945,IL-16,0.487922705,0.827945002,0.616499443
51,H0IL14197,CATALINA LAUF,LAUF,REP,2934,1911,659,270,94,1562,772,396,204,2469,128,41,15,0,0,281,78495.091,IL-14,0.532379005,0.841513292,0.651329243
52,H0IL16184,DANI BRZOZOWSKI,BRZOZOWSKI,DEM,1401,952,273,145,31,667,377,192,165,1189,25,39,1,0,0,147,76680.6131,IL-16,0.476088508,0.848679515,0.679514632
53,H0IL17083,ESTHER KING,KING,REP,3405,1977,871,434,123,1516,936,664,289,2888,137,32,22,0,0,326,74930.165,IL-17,0.445227606,0.848164464,0.58061674
54,H0IN05219,CHRISTINA HALE,HALE,DEM,4560,3691,459,344,66,1950,1226,792,592,3797,29,95,7,0,0,633,74187.81,IN-05,0.427631579,0.832675439,0.809429825
55,H0IN08114,LARRY BUCSHON,BUCSHON,REP,2392,1447,565,296,84,1113,648,401,230,1953,123,39,17,1,0,259,74925.6906,IN-08,0.465301003,0.816471572,0.60493311
56,H0KS01172,KALI BARNETT,BARNETT,DEM,1383,929,293,124,37,508,294,398,183,1148,88,34,0,0,0,113,68258.796,KS-01,0.367317426,0.830079537,0.671728127
57,H0KS02196,MICHELLE DE LA ISLA,DE LA ISLA,DEM,3841,3023,552,213,53,1500,1040,755,546,3287,101,66,32,0,0,355,71318.0744,KS-02,0.390523301,0.855766727,0.787034626
58,H0KY04117,ALEXANDRA OWENSBY,OWENSBY,DEM,1429,960,325,113,31,692,358,202,177,1210,38,26,11,0,0,144,74982.2603,KY-04,0.484254724,0.846745976,0.67179846
59,H0KY06104,ANDY BARR,BARR,REP,6721,4008,1657,798,258,2828,2004,1199,690,5575,314,111,42,3,0,676,72569.4542,KY-06,0.420770719,0.829489659,0.59633983
60,H0KY06179,JOSH HICKS,HICKS,DEM,6088,4466,1077,420,125,2862,1680,882,664,5051,179,148,23,0,0,687,76796.4269,KY-06,0.470105125,0.829664915,0.733574244
61,H0LA01087,STEVE SCALISE,SCALISE,REP,138097,81145,33936,17407,5609,60046,38753,25729,13569,115361,5716,1942,617,64,0,14397,72344.0018,LA-01,0.434810314,0.835362101,0.587594227
62,H0MA01081,ALEX MORSE,MORSE,DEM,9179,6965,1578,518,118,4447,2330,1220,1182,6826,694,288,50,5,0,1316,75548.6034,MA-01,0.484475433,0.743653993,0.758797255
63,H0MA04143,IHSSANE LECKEY,LECKEY,DEM,2056,1721,229,84,22,1297,370,241,148,1652,59,72,6,1,0,266,85736.105,MA-04,0.630836576,0.803501946,0.837062257
64,H0MA04168,REBECCA WALKER GROSSMAN,GROSSMAN,DEM,1705,1603,80,18,4,1461,133,68,43,1591,23,11,2,0,0,78,112844.1683,MA-04,0.856891496,0.93313783,0.940175953
65,H0MA04176,ALAN KHAZEI,KHAZEI,DEM,2093,2013,59,20,1,1767,175,95,56,1888,27,21,8,0,0,149,111167.9111,MA-04,0.844242714,0.902054467,0.961777353
66,H0MA04184,JESSE MERMELL,MERMELL,DEM,2678,2463,166,36,13,2193,254,148,83,2371,45,55,7,0,0,200,105183.0463,MA-04,0.818894698,0.885362211,0.919716206
67,H0MA04192,JAKE AUCHINCLOSS,AUCHINCLOSS,DEM,1867,1828,33,5,1,1693,101,36,37,1775,14,7,1,0,0,70,123627.4708,MA-04,0.906802357,0.950723085,0.979110873
68,H0MA04200,DAVID CAVELL,CAVELL,DEM,1123,1074,38,11,0,921,106,61,35,929,20,28,2,0,0,144,101986.5253,MA-04,0.820124666,0.827248442,0.956366874
69,H0MA04218,BEN SIGEL,SIGEL,DEM,1101,1058,36,7,0,950,85,36,30,979,26,18,0,0,0,78,112054.8619,MA-04,0.862851953,0.889191644,0.960944596
70,H0MA08045,ROBBIE GOLDSTEIN,GOLDSTEIN,DEM,1944,1784,129,28,3,1550,226,103,65,1652,23,35,2,0,0,232,93392.2829,MA-08,0.797325103,0.849794239,0.917695473
71,H0MD05183,MCKAYLA WILKES,WILKES,DEM,8522,6174,1576,599,173,4053,2071,1309,1089,5425,447,759,53,4,0,1834,74430.2734,MD-05,0.475592584,0.636587655,0.724477822
72,H0MI01211,DANA FERGUSON,FERGUSON,DEM,1222,826,269,100,27,348,342,325,207,1110,7,21,5,1,0,78,65096.8338,MI-01,0.284779051,0.908346972,0.67594108
73,H0MI02201,BRYAN BERGHOEF,BERGHOEF,DEM,2346,1638,522,114,72,368,1450,353,175,2234,11,36,1,1,0,63,62155.2872,MI-02,0.156862745,0.952259165,0.698209719
74,H0MI03290,LYNN AFENDOULIS,AFENDOULIS,REP,5002,2613,1366,775,248,1875,1486,1091,550,4378,151,64,22,2,0,385,68015.8218,MI-03,0.37485006,0.8752499,0.522391044
75,H0MI03316,HILLARY SCHOLTEN,SCHOLTEN,DEM,6291,5084,820,313,74,3370,1333,907,681,5252,144,176,31,0,0,688,76896.7413,MI-03,0.5356859,0.834843427,0.808138611
76,H0MI06152,JON HOADLEY,HOADLEY,DEM,5230,3896,927,343,64,1810,1447,1192,781,4436,97,162,26,1,0,508,67912.83,MI-06,0.346080306,0.848183556,0.744933078
77,H0MI06186,JENNIFER RICHARDSON,RICHARDSON,DEM,1911,1355,355,154,47,961,491,275,184,1382,101,49,27,1,0,351,76723.2611,MI-06,0.502878074,0.72318158,0.709052852
78,H0MI07150,GRETCHEN DRISKELL,DRISKELL,DEM,2928,2109,516,263,40,1455,851,416,206,2743,19,53,6,0,0,107,76093.8872,MI-07,0.49692623,0.93681694,0.720286885
79,H0MI08141,PAUL JUNGE,JUNGE,REP,9282,5409,2272,1170,431,3960,2542,1829,951,7807,391,120,42,3,0,919,71747.2233,MI-08,0.426632191,0.841090282,0.582740789
80,H0MI12168,SOLOMON RAJPUT,RAJPUT,DEM,1291,944,238,78,31,572,349,218,152,1043,51,44,11,0,0,142,71836.9,MI-12,0.44306739,0.807900852,0.731216112
81,H0MI13471,DAVID ANTHONY DUDENHOEFER,DUDENHOEFER,REP,2442,1444,602,311,85,1051,727,467,197,2125,78,35,7,0,0,197,72450.9619,MI-13,0.43038493,0.87018837,0.591318591
82,H0MN01045,JAMES HAGEDORN,HAGEDORN,REP,7692,4532,1918,973,269,3475,2123,1439,655,6397,347,115,44,5,0,784,73429.5392,MN-01,0.451768071,0.831643266,0.589183567
83,H0MN02134,TYLER KISTNER,KISTNER,REP,1256,945,208,85,18,769,307,142,38,1152,35,13,1,1,0,54,82022.5676,MN-02,0.612261146,0.917197452,0.752388535
84,H0MN03124,KENDALL QUALLS,QUALLS,REP,2013,1674,258,66,15,1514,298,158,43,1901,18,12,3,0,0,79,90126.8996,MN-03,0.752111277,0.944361649,0.831594635
85,H0MN05178,LACY JOHNSON,JOHNSON,REP,38387,22761,9438,4723,1465,17286,10553,6936,3612,31740,1733,492,174,15,0,4233,73005.0187,MN-05,0.450308698,0.826842421,0.592935108
86,H0MN05210,ANTONE MELTON-MEAUX,MELTON-MEAUX,DFL,6977,6573,306,72,26,4810,1245,633,289,6071,148,71,21,0,0,666,94356.9633,MN-05,0.689408055,0.870144761,0.942095456
87,H0MN05251,DALIA AL-AQIDI,AL-AQIDI,REP,2860,1905,622,249,84,1480,697,455,228,2342,93,45,17,1,0,362,77844.7968,MN-05,0.517482517,0.818881119,0.666083916
88,H0MN07091,MICHELLE FISCHBACH,FISCHBACH,REP,2912,1742,749,329,92,1391,846,491,184,2500,110,29,22,1,0,250,75529.4392,MN-07,0.477678571,0.858516484,0.598214286
89,H0MN08156,QUINN REABE NYSTROM,NYSTROM,DFL,3174,2126,751,239,58,1313,1026,643,192,2939,28,8,10,3,0,186,71176.2454,MN-08,0.413673598,0.925960933,0.669817265
90,H0MO02254,JILL DARLYNE SCHUPP,SCHUPP,DEM,7367,6556,530,209,72,4575,1459,845,488,6505,40,188,12,1,0,621,83381.983,MO-02,0.621012624,0.88299172,0.889914484
91,H0MO04086,VICKY HARTZLER,HARTZLER,REP,5625,3331,1391,675,228,2480,1556,1028,561,4700,261,74,38,3,0,549,73238.0833,MO-04,0.440888889,0.835555556,0.592177778
92,H0MS04120,STEVEN PALAZZO,PALAZZO,REP,2322,1398,559,280,85,1070,641,395,216,1882,122,44,17,1,0,256,74550.6968,MS-04,0.460809647,0.810508183,0.602067183
93,H0MT00090,THOMAS WINTER,WINTER,DEM,2170,1788,271,92,19,1185,510,247,228,1780,62,51,16,1,0,260,82380.8626,MT-AL,0.546082949,0.820276498,0.823963134
94,H0NC02083,SCOTT COOPER,COOPER,DEM,1215,1061,106,38,10,806,229,126,54,999,18,38,1,0,0,159,91535.3769,NC-02,0.663374486,0.822222222,0.873251029
95,H0NC02125,DEBORAH ROSS,ROSS,DEM,4279,3724,361,155,39,2167,1139,644,329,3611,29,141,11,0,0,487,74421.5132,NC-02,0.506426735,0.843888759,0.870296798
96,H0NC03172,GREGORY MURPHY,MURPHY,REP,1134,653,296,141,44,356,224,341,213,942,25,84,1,1,0,81,65284.798,NC-03,0.313932981,0.830687831,0.575837743
97,H0NC08254,PATRICIA TIMMONS-GOODSON,TIMMONS-GOODSON,DEM,25650,18533,4842,1758,517,11889,6411,4394,2956,18377,1022,1636,139,11,1,4464,73973.553,NC-08,0.463508772,0.716452242,0.722534113
98,H0NC09187,JAMES BISHOP,BISHOP,REP,11667,7026,2678,1455,508,5274,3105,2079,1209,9620,466,177,63,23,0,1318,72815.6361,NC-09,0.452044227,0.82454787,0.602211365
99,H0NC09286,CYNTHIA WALLACE,WALLACE,DEM,2302,1873,282,120,27,1304,451,319,228,1652,45,180,7,1,0,417,77912.7893,NC-09,0.566463944,0.717636838,0.813640313
100,H0NC11175,MORRIS COL DAVIS,DAVIS,DEM,7645,5733,1296,509,107,3049,1901,1898,797,6491,179,127,37,2,0,809,71355.6481,NC-11,0.39882276,0.849051668,0.749901897
101,H0NC11233,DAVID MADISON CAWTHORN,CAWTHORN,REP,1723,1105,374,208,36,653,438,464,168,1492,48,20,5,0,0,158,69532.8026,NC-11,0.378990133,0.865931515,0.641323273
102,H0NE01120,KATE BOLZ,BOLZ,DEM,2594,2020,473,77,24,815,859,706,214,2530,18,7,1,1,0,37,63895.0878,NE-01,0.314186584,0.975327679,0.778720123
103,H0NH01282,MATT MOWERS,MOWERS,REP,1052,898,118,26,10,794,171,59,28,946,12,13,5,0,0,76,97220.3136,NH-01,0.754752852,0.899239544,0.853612167
104,H0NH02181,ANN KUSTER,KUSTER,DEM,3124,2679,335,91,19,1951,815,241,117,2894,36,22,4,1,0,167,86399.1453,NH-02,0.624519846,0.92637644,0.857554417
105,H0NJ02171,AMY KENNEDY,KENNEDY,DEM,6126,4436,1275,319,96,3846,1332,670,278,5193,117,100,29,1,0,686,86565.1145,NJ-02,0.627815867,0.847698335,0.724126673
106,H0NJ02197,BRIGID CALLAHAN HARRISON,HARRISON,DEM,2035,1548,368,98,21,1311,379,233,112,1669,72,31,14,0,0,249,88019.5169,NJ-02,0.644226044,0.82014742,0.760687961
107,H0NJ04151,STEPHANIE SCHMID,SCHMID,DEM,1205,1098,92,13,2,964,161,33,47,1024,17,32,1,0,0,131,102632.1917,NJ-04,0.8,0.849792531,0.91120332
108,H0NJ05208,ARATI KREIBICH,KREIBICH,DEM,13480,10510,2011,734,225,7481,2927,1849,1223,10039,634,376,140,3,0,2289,81793.143,NJ-05,0.554970326,0.744732938,0.779673591
109,H0NJ06206,RUSSELL CIRINCIONE,CIRINCIONE,DEM,1304,960,245,78,21,727,279,193,105,944,72,37,21,0,0,230,79807.6027,NJ-06,0.557515337,0.72392638,0.736196319
110,H0NJ07261,THOMAS KEAN,KEAN,REP,3540,2727,522,205,86,2452,593,330,165,3021,135,33,37,0,0,314,98943.4853,NJ-07,0.692655367,0.853389831,0.770338983
111,H0NJ08129,HECTOR OMAR OSEGUERA,OSEGUERA,DEM,1390,970,314,75,31,711,299,274,106,704,177,41,16,0,0,452,80034.6517,NJ-08,0.511510791,0.50647482,0.697841727
112,H0NM02229,CLAIRE CHASE,CHASE,REP,1294,637,280,313,64,376,418,325,175,828,306,4,3,11,0,142,65482.6514,NM-02,0.29057187,0.639876352,0.492272025
113,H0NM03102,TERESA LEGER,LEGER,DEM,8200,6339,1273,409,179,3439,2507,1267,987,5605,844,195,79,25,0,1453,72693.7746,NM-03,0.419390244,0.683536585,0.77304878
114,H0NM03110,VALERIE PLAME,PLAME,DEM,34824,25058,6444,2598,724,16954,8979,5528,3363,27604,1682,662,227,32,2,4615,76096.5269,NM-03,0.486848151,0.792671721,0.719561222
115,H0NM03185,JOHN BLAIR,BLAIR,DEM,1714,1418,207,56,33,789,468,289,168,1122,216,46,6,5,0,319,75759.836,NM-03,0.460326721,0.654609102,0.827304551
116,H0NV02209,PATRICIA GERALDENE MS ACKERMAN,ACKERMAN,DEM,1264,829,213,197,25,559,397,158,150,1054,32,18,7,1,0,152,71978.6606,NV-02,0.442246835,0.833860759,0.65585443
117,H0NV03132,DAN RODIMER,RODIMER,REP,1242,761,300,144,37,592,399,144,107,949,42,10,6,0,0,235,72376.7761,NV-03,0.476650564,0.764090177,0.612721417
118,H0NV04056,LISA SUTTON,SUTTON,REP,2043,1290,490,215,48,953,588,340,162,1603,97,21,17,1,0,304,75392.5315,NV-04,0.466470876,0.784630445,0.631424376
119,H0NY01186,NANCY GOROFF,GOROFF,DEM,7253,6135,841,238,39,5353,1071,542,287,6261,139,115,44,1,0,693,95274.4708,NY-01,0.738039432,0.863229009,0.845856887
120,H0NY01202,BRIDGET FLEMING,FLEMING,DEM,2114,1888,174,51,1,1900,150,42,22,1979,17,4,3,0,0,111,98787.9413,NY-01,0.898770104,0.936140019,0.893093661
121,H0NY02192,JACQUELINE GORDON,GORDON,DEM,7395,5737,1237,359,62,4920,1328,677,470,5722,235,297,48,1,0,1092,88198.8985,NY-02,0.665314402,0.773766058,0.775794456
122,H0NY03075,MELANIE D'ARRIGO,D'ARRIGO,DEM,1209,1030,127,43,9,874,176,102,57,964,41,30,9,0,0,165,94984.77,NY-03,0.722911497,0.797353184,0.851943755
123,H0NY05070,SHANIYAT CHOWDHURY,CHOWDHURY,DEM,3005,2232,534,188,51,1461,790,471,283,1894,212,179,43,0,0,677,76254.2499,NY-05,0.486189684,0.630282862,0.742762063
124,H0NY09080,ISIAH JAMES,JAMES,DEM,1200,829,262,83,26,478,293,270,159,732,59,179,9,0,0,221,69930.9133,NY-09,0.398333333,0.61,0.690833333
125,H0NY10070,LINDSEY BOYLAN,BOYLAN,DEM,1865,1544,223,73,25,1194,316,206,149,1429,99,63,15,0,0,259,90219.5238,NY-10,0.640214477,0.766219839,0.827882038
126,H0NY11078,NICOLE MALLIOTAKIS,MALLIOTAKIS,REP,5664,4349,891,326,98,3259,1480,624,301,4433,179,75,59,0,0,918,81682.7376,NY-11,0.575388418,0.782662429,0.767831921
127,H0NY12175,LAUREN ASHCRAFT,ASHCRAFT,DEM,3225,2371,574,219,61,1481,867,496,381,2150,221,149,26,0,0,679,74951.1615,NY-12,0.459224806,0.666666667,0.735193798
128,H0NY14270,SCHERIE MURRAY,MURRAY,REP,10871,6089,2833,1513,436,4625,3036,2056,1154,8769,560,154,58,4,0,1326,71380.3235,NY-14,0.425443841,0.806641523,0.560114065
129,H0NY14296,JOHN CUMMINGS,CUMMINGS,REP,1849,1348,333,131,37,1024,410,289,126,1562,61,23,6,0,0,197,81525.0654,NY-14,0.553812872,0.844780963,0.729042726
130,H0NY14346,MICHELLE CARUSO-CABRERA,CARUSO-CABRERA,DEM,8119,6361,1176,461,121,5032,1639,933,515,6800,295,89,42,1,0,892,86749.855,NY-14,0.619780761,0.837541569,0.783470871
131,H0NY15160,RITCHIE TORRES,TORRES,DEM,12472,9607,1863,814,188,6757,2724,1737,1254,9257,736,435,98,2,0,1945,80343.1933,NY-15,0.541773573,0.742222579,0.770285439
132,H0NY15194,MICHAEL BLAKE,BLAKE,DEM,3357,2484,505,287,81,1842,543,437,535,1755,334,477,20,0,0,771,79116.6148,NY-15,0.5487042,0.522788204,0.739946381
133,H0NY15277,SAMELYS LOPEZ,LOPEZ,DEM,18981,13944,3310,1299,428,8603,4704,3178,2496,12575,1681,977,197,5,0,3546,72860.2981,NY-15,0.453242716,0.66250461,0.734629366
134,H0NY16135,ANDOM GHEBREGHIORGIS,GHEBREGHIORGIS,DEM,4680,3595,741,272,72,2328,1147,752,453,3192,301,244,35,2,0,906,76617.6074,NY-16,0.497435897,0.682051282,0.768162393
135,H0NY16143,JAMAAL BOWMAN,BOWMAN,DEM,50053,38181,8235,2841,796,24833,12167,7657,5396,34328,3399,2551,488,11,0,9276,76602.9968,NY-16,0.496134098,0.685833017,0.76281142
136,H0NY17174,MONDAIRE JONES,JONES,DEM,24496,19141,3645,1327,383,12993,5562,3477,2464,17516,1390,990,234,8,0,4358,79034.3284,NY-17,0.530413129,0.715055519,0.78139288
137,H0NY17240,ALLISON HARRIS MS FINE,FINE,DEM,1038,985,39,12,2,877,80,52,29,832,29,26,4,0,0,147,107888.9277,NY-17,0.844894027,0.801541426,0.94894027
138,H0NY17265,EVELYN FARKAS,FARKAS,DEM,4813,4267,415,106,25,3642,667,333,171,4004,105,89,21,1,0,593,104942.7407,NY-17,0.756700603,0.831913567,0.886557241
139,H0NY18172,CHELE FARLEY,FARLEY,REP,1294,964,243,68,19,846,245,145,58,1100,34,13,9,0,0,138,89131.9018,NY-18,0.653786708,0.85007728,0.744976816
140,H0NY24055,ROGER MISSO,MISSO,DEM,1396,1122,177,74,23,867,256,185,88,1143,33,32,8,0,0,180,87500.5809,NY-24,0.621060172,0.818767908,0.803724928
141,H0NY24063,FRANCIS CONOLE,CONOLE,DEM,1768,1509,215,37,7,1202,241,191,134,1507,21,50,4,0,0,186,86151.0882,NY-24,0.679864253,0.852375566,0.853506787
142,H0OH01081,NIKKI FOSTER,FOSTER,DEM,2997,2337,467,153,40,1685,605,401,306,2529,54,117,21,0,0,276,79168.0283,OH-01,0.562228896,0.843843844,0.77977978
143,H0OH01099,KATE SCHRODER,SCHRODER,DEM,5342,4376,707,207,52,2627,1109,708,898,4363,65,379,16,1,0,518,74402.8096,OH-01,0.491763385,0.816735305,0.819168851
144,H0OH02139,JAIME CASTLE,CASTLE,DEM,1203,970,135,81,17,559,332,186,126,1072,10,69,3,0,0,49,73174.7946,OH-02,0.464671654,0.891105569,0.806317539
145,H0OH03103,MORGAN HARPER,HARPER,DEM,8295,6143,1415,580,157,3834,2022,1215,1224,5827,367,476,69,4,0,1552,73435.1072,OH-03,0.462206148,0.702471368,0.740566606
146,H0OH04085,JEFFREY SITES,SITES,DEM,6724,5300,930,395,99,3767,1522,922,513,5563,213,120,45,2,0,781,82009.6435,OH-04,0.560232005,0.82733492,0.788221297
147,H0OH04093,SHANNON FRESHOUR,FRESHOUR,DEM,23000,17327,3650,1604,419,12330,5561,3205,1904,18557,789,532,141,4,0,2977,79413.7775,OH-04,0.536086957,0.806826087,0.753347826
148,H0OH04101,MIKE LARSEN,LARSEN,DEM,5003,3528,896,472,107,2519,1267,781,436,4155,157,74,48,2,0,567,76983.9778,OH-04,0.503497901,0.830501699,0.705176894
149,H0OH06189,BILL JOHNSON,JOHNSON,REP,2905,1632,765,381,127,1244,794,531,336,2393,136,51,17,2,0,306,72145.3173,OH-06,0.428227194,0.823752151,0.561790017
150,H0OH10116,DESIREE TIMS,TIMS,DEM,8694,6415,1337,730,212,4225,2288,995,1186,6839,216,587,41,1,0,1010,75747.578,OH-10,0.485967334,0.786634461,0.737865194
151,H0OH12179,ALAINA SHEARER,SHEARER,DEM,2260,1938,169,128,25,1298,482,262,218,2072,6,49,4,0,0,129,77488.8783,OH-12,0.574336283,0.916814159,0.857522124
152,H0OH14084,HILLARY O'CONNOR MUERI,MUERI,DEM,2851,2234,394,182,41,1503,773,339,236,2368,68,94,12,2,0,307,80370.5054,OH-14,0.527183444,0.830585759,0.783584707
153,H0OK05205,STEPHANIE BICE,BICE,REP,5849,2971,1642,973,263,2119,1552,1378,800,5060,202,66,24,5,0,492,65961.7994,OK-05,0.362284151,0.865105146,0.507950077
154,H0OR02150,KNUTE BUEHLER,BUEHLER,REP,3158,1786,857,449,66,857,1270,691,340,3101,20,2,1,0,0,34,65079.0364,OR-02,0.271374288,0.981950602,0.565547815
155,H0OR03125,ALBERT LEE,LEE,DEM,1412,1066,238,87,21,535,487,247,143,1192,48,40,9,0,0,123,68976.3866,OR-03,0.378895184,0.844192635,0.754957507
156,H0OR04099,DOYLE CANNING,CANNING,DEM,1047,778,187,62,20,380,287,220,160,866,19,27,5,0,1,129,67804.2979,OR-04,0.362941738,0.827125119,0.743075454
157,H0OR04107,ALEK SKARLATOS,SKARLATOS,REP,2689,1483,720,373,113,1066,725,567,331,2378,81,18,13,3,0,196,70759.8456,OR-04,0.3964299,0.884343622,0.551506136
158,H0OR05096,MARK GAMBA,GAMBA,DEM,1435,940,388,91,16,544,567,183,141,1248,38,25,9,1,0,114,70200.7519,OR-05,0.379094077,0.869686411,0.655052265
159,H0PA01309,DEBBIE WACHSPRESS,WACHSPRESS,DEM,1097,988,80,25,4,901,114,56,26,1017,5,27,1,0,0,47,98930.587,PA-01,0.821330902,0.927073838,0.900638104
160,H0PA01325,CHRISTINA FINELLO,FINELLO,DEM,3736,3144,408,157,27,2678,637,265,156,3346,34,99,12,1,0,244,89670.2572,PA-01,0.716809422,0.895610278,0.841541756
161,H0PA04279,KATHY BARNETTE,BARNETTE,REP,1111,795,227,72,17,698,234,125,54,990,21,8,3,1,0,88,80597.099,PA-04,0.628262826,0.891089109,0.715571557
162,H0PA10102,THOMAS BRIER,BRIER,DEM,1514,1242,212,57,3,745,538,130,101,1362,7,35,0,0,0,110,74580.8223,PA-10,0.492073976,0.899603699,0.820343461
163,H0PA10110,EUGENE DEPASQUALE,DEPASQUALE,DEM,4612,3275,1044,217,76,2191,1600,510,311,4067,30,154,19,0,0,342,77229.7343,PA-10,0.475065048,0.881830009,0.710104076
164,H0PA16034,KRISTY GNIBUS,GNIBUS,DEM,2010,1226,568,187,29,665,612,517,216,1835,19,32,8,0,0,116,67613.5388,PA-16,0.330845771,0.912935323,0.609950249
165,H0PA17115,RICHARD SEAN PARNELL,PARNELL,REP,8990,5928,1973,839,250,4501,2426,1421,642,7832,276,76,43,3,0,760,76237.3278,PA-17,0.500667408,0.871190211,0.659399333
166,H0RI01073,DAVID CICILLINE,CICILLINE,DEM,1917,1560,237,104,16,1138,413,154,212,1631,55,22,4,0,0,205,79894.6635,RI-01,0.593635889,0.850808555,0.813771518
167,H0SC01394,NANCY MACE,MACE,REP,5196,3459,1082,503,152,2392,1518,777,509,4436,122,137,23,1,0,477,72983.2544,SC-01,0.460354119,0.853733641,0.665704388
168,H0SC02061,ADAIR BOROUGHS,BOROUGHS,DEM,7431,5683,1147,480,121,3453,1675,1316,987,5800,160,477,29,1,0,964,73783.3267,SC-02,0.46467501,0.780514063,0.76476921
169,H0SC05056,MAURICUS BROWN,BROWN,DEM,1506,1136,215,128,27,652,382,269,203,1271,23,76,1,0,0,135,69867.4707,SC-05,0.432934927,0.843957503,0.754316069
170,H0TN05382,KEEDA HAYNES,HAYNES,DEM,1546,1183,248,90,25,609,344,369,224,1100,49,141,11,1,0,244,69191.5996,TN-05,0.393919793,0.711513583,0.765200517
171,H0TX01108,HANK GILBERT,GILBERT,DEM,4399,3037,839,398,125,2139,1052,740,468,3344,262,80,27,1,0,685,75508.972,TX-01,0.486246874,0.760172767,0.690384178
172,H0TX02080,ELISA CARDNELL,CARDNELL,DEM,3760,2909,570,212,69,2227,813,476,244,2859,203,66,22,1,0,609,83486.3678,TX-02,0.592287234,0.76037234,0.773670213
173,H0TX02106,SIMA JANDAGHI LADJEVARDIAN,LADJEVARDIAN,DEM,8720,7158,1041,389,132,5622,1652,928,518,6523,537,145,70,2,0,1443,87544.74,TX-02,0.644724771,0.748050459,0.82087156
174,H0TX03120,HELANE LULU SAWSAN SEIKALY,SEIKALY,DEM,2177,1763,272,109,33,1312,487,246,132,1624,127,26,15,0,0,385,84506.028,TX-03,0.602664217,0.745980707,0.809830041
175,H0TX06099,STEPHEN DANIEL,DANIEL,DEM,1422,1023,273,93,33,733,361,223,105,1049,101,17,4,0,0,251,78061.7201,TX-06,0.515471167,0.73769339,0.719409283
176,H0TX07170,WESLEY HUNT,HUNT,REP,6846,4965,1162,518,201,3903,1632,876,435,5316,379,55,47,0,0,1049,83417.4672,TX-07,0.570113935,0.776511832,0.725241017
177,H0TX10216,PRITESH GANDHI,GANDHI,DEM,4654,3775,591,218,70,2721,961,584,388,3507,279,99,29,0,0,740,83672.3233,TX-10,0.584658358,0.753545337,0.811130211
178,H0TX11230,AUGUST LEE PFLUGER,PFLUGER,REP,1085,700,168,174,43,526,317,158,84,863,155,0,1,0,0,66,75232.6258,TX-11,0.484792627,0.795391705,0.64516129
179,H0TX13228,RONNY LYNN JACKSON,JACKSON,REP,8650,4440,2333,1390,487,3467,2395,1811,977,6729,624,100,43,6,0,1148,69969.187,TX-13,0.400809249,0.777919075,0.513294798
180,H0TX21148,WENDY DAVIS,DAVIS,DEM,31098,23630,4847,1863,758,16175,7790,4323,2810,22542,2724,539,114,2,0,5177,77993.9404,TX-21,0.520129912,0.724869767,0.759855939
181,H0TX24167,KIMBERLY OLSON,OLSON,DEM,12037,8632,2194,904,307,6187,3002,1832,1016,9120,811,203,45,2,0,1856,78239.0265,TX-24,0.513998505,0.75766387,0.717122207
182,H0TX24175,CANDACE VALENZUELA,VALENZUELA,DEM,15216,11989,2189,790,248,8411,3497,2012,1296,11039,920,462,118,6,0,2671,80325.61,TX-24,0.552773396,0.72548633,0.78792061
183,H0TX24209,ELIZABETH VAN DUYNE,VAN DUYNE,REP,4317,2962,882,362,111,2346,1033,662,276,3291,332,38,27,1,0,628,82410.4225,TX-24,0.54343294,0.762334955,0.686124624
184,H0TX25131,HEIDI SLOAN,SLOAN,DEM,2228,1765,321,110,32,903,645,384,296,1398,167,83,15,1,0,564,69766.6054,TX-25,0.40529623,0.627468582,0.792190305
185,H0TX28077,JESSICA CISNEROS,CISNEROS,DEM,42174,30916,7303,2921,1034,20009,10659,6625,4881,29793,3291,1346,407,19,1,7318,74593.9392,TX-28,0.474439228,0.706430502,0.733058282
186,H0TX31097,DONNA IMAM,IMAM,DEM,3808,2897,613,240,58,2056,930,510,312,2712,218,99,61,0,0,718,78904.12,TX-31,0.539915966,0.712184874,0.760766807
187,H0TX32079,FLOYD MCLENDON,MCLENDON,REP,2432,1609,520,221,82,1214,629,378,211,1944,123,31,5,0,0,329,77717.6603,TX-32,0.499177632,0.799342105,0.661595395
188,H0TX32087,GENEVIEVE COLLINS,COLLINS,REP,5260,3660,996,445,159,2872,1308,703,377,4144,322,45,37,1,0,711,81599.2688,TX-32,0.546007605,0.7878327,0.69581749
189,H0TX35015,ERNEST GONZALES,GONZALES,REP,3191,1897,725,395,174,1418,847,589,337,2112,467,20,11,1,0,580,72245.857,TX-35,0.444374804,0.661861485,0.594484488
190,H0UT04076,BURGESS OWENS,OWENS,REP,3532,2413,728,290,101,1914,908,467,243,3014,113,43,16,1,0,345,78979.7358,UT-04,0.541902605,0.853340883,0.683182333
191,H0VA01235,QASIM RASHID,RASHID,DEM,8753,6651,1437,520,145,4955,1949,1135,714,6584,311,281,53,2,0,1523,80755.3492,VA-01,0.566091626,0.752199246,0.759853764
192,H0VA02118,SCOTT TAYLOR,TAYLOR,REP,2555,1729,536,205,85,1276,725,381,173,2067,111,40,17,0,0,320,76785.0332,VA-02,0.499412916,0.809001957,0.676712329
193,H0VA05145,BRYANT WEBB,WEBB,DEM,16903,13167,2495,992,249,8541,4613,2260,1489,13038,520,788,101,3,0,2453,78717.5428,VA-05,0.505294918,0.771342365,0.778974147
194,H0VA05152,JOHN LESINSKI,LESINSKI,DEM,1033,884,98,40,11,605,228,116,84,918,8,21,2,0,0,84,91132.6137,VA-05,0.585672798,0.888673766,0.855759923
195,H0VA05178,CLAIRE RUSSO,RUSSO,DEM,2016,1714,198,82,22,1231,437,219,129,1676,42,50,6,0,0,242,89303.6612,VA-05,0.610615079,0.831349206,0.850198413
196,H0VA07133,JOHN MCGUIRE,MCGUIRE,REP,1811,1341,320,113,37,1037,424,230,120,1582,52,23,4,0,0,150,81066.1568,VA-07,0.572611817,0.873550525,0.740474876
197,H0VA07158,NICK FREITAS,FREITAS,REP,2985,2000,722,187,76,1912,613,330,130,2631,30,27,5,1,0,291,83223.3226,VA-07,0.640536013,0.881407035,0.67001675
198,H0VA10160,ROB JONES,JONES,REP,1468,1061,253,117,37,911,276,203,78,1201,60,9,4,0,0,194,92679.1525,VA-10,0.620572207,0.818119891,0.722752044
199,H0VA10186,ALISCIA ANDREWS,ANDREWS,REP,1893,1403,317,139,34,1168,371,232,122,1554,27,24,4,1,0,283,90090.1077,VA-10,0.617010037,0.820919176,0.741151611
200,H0WA02080,RICK LARSEN,LARSEN,DEM,1225,902,253,67,3,526,510,97,92,1136,3,2,2,0,0,82,72847.8163,WA-02,0.429387755,0.927346939,0.736326531
201,H0WA02189,JASON CALL,CALL,DEM,1368,896,335,118,19,586,394,210,178,1045,59,31,10,0,0,223,69979.2448,WA-02,0.428362573,0.763888889,0.65497076
202,H0WA03187,JAIME HERRERA BEUTLER,HERRERA BEUTLER,REP,13223,7558,3474,1730,461,5932,3801,2228,1262,11162,559,160,73,8,0,1261,73304.3534,WA-03,0.448612267,0.844135219,0.571579823
203,H0WA05125,CHRISTOPHER ARMITAGE,ARMITAGE,DEM,1864,1201,497,136,30,741,545,341,237,1531,71,27,8,0,0,227,69583.2816,WA-05,0.397532189,0.821351931,0.644313305
204,H0WA06099,REBECCA PARSON,PARSON,DEM,4699,3286,947,390,76,2144,1251,855,449,3602,210,118,32,3,0,734,72634.4437,WA-06,0.456267291,0.766546074,0.699297723
205,H0WA08046,SUZAN DELBENE,DELBENE,DEM,1595,1288,245,57,5,1133,348,60,54,1487,4,4,1,1,0,98,92836.541,WA-01,0.710344828,0.932288401,0.807523511
206,H0WA10018,JOSHUA COLLINS,COLLINS,DEM,8016,5561,1586,681,188,3367,2200,1370,1079,5884,469,246,63,0,0,1354,70801.5746,WA-10,0.42003493,0.734031936,0.693737525
207,H0WA10034,MARILYN STRICKLAND,STRICKLAND,DEM,2743,2096,442,188,17,1524,747,328,144,2344,30,28,10,2,0,329,77480.6204,WA-10,0.555596063,0.854538826,0.764126868
208,H0WA10042,KRISTINE REEVES,REEVES,DEM,2152,1653,381,104,14,1283,576,188,105,1786,27,30,5,0,0,304,80471.7565,WA-10,0.596189591,0.829925651,0.768122677
209,H0WA10075,BETH DOGLIO,DOGLIO,DEM,8837,6764,1375,547,151,3876,2888,1256,817,6935,396,203,77,1,0,1225,72859.6009,WA-10,0.438610388,0.784768587,0.765418128
210,H0WI01120,ROGER POLACK,POLACK,DEM,1278,889,283,89,17,604,413,172,89,1107,15,33,4,2,0,117,76544.4843,WI-01,0.472613459,0.866197183,0.695618153
211,H0WI03175,DERRICK VAN ORDEN,VAN ORDEN,REP,1819,1052,478,227,62,765,554,430,70,1644,61,6,2,0,0,106,71405.0241,WI-03,0.420560748,0.903793293,0.578339747
212,H0WI07101,TOM TIFFANY,TIFFANY,REP,2813,1321,940,478,74,907,925,795,186,2678,29,17,3,4,0,82,65668.6637,WI-07,0.322431568,0.952008532,0.469605403
213,H0WI07127,JASON CHURCH,CHURCH,REP,4125,2429,1087,477,132,1800,1168,827,330,3604,114,38,22,3,0,344,73103.0441,WI-07,0.436363636,0.87369697,0.588848485
214,H0WI07135,TRICIA ZUNKER,ZUNKER,DEM,1473,765,519,165,24,447,466,447,113,1373,11,15,0,7,0,67,64994.0753,WI-07,0.303462322,0.932111337,0.519348269
215,H0WI08125,AMANDA STUCK,STUCK,DEM,1892,1081,648,148,15,581,685,515,111,1775,13,30,3,0,0,71,65989.9545,WI-08,0.307082452,0.938160677,0.571353066
216,H0WV02179,CATHERINE KUNKEL,KUNKEL,DEM,1447,1014,285,108,40,737,239,236,235,1214,14,38,4,0,0,177,77468.3185,WV-02,0.509329648,0.838977194,0.700760194
217,H2AZ07070,RAUL GRIJALVA,GRIJALVA,DEM,4209,2978,703,403,125,1741,981,782,705,3183,384,63,26,12,0,541,70082.1537,AZ-03,0.413637444,0.756236636,0.70753148
218,H2CA00120,JULIA BROWNLEY,BROWNLEY,DEM,4504,3543,586,273,102,2950,935,363,256,3236,364,64,78,0,0,762,85104.0626,CA-26,0.654973357,0.718472469,0.786634103
219,H2CA15094,ERIC SWALWELL,SWALWELL,DEM,6816,5425,924,368,99,4324,1381,716,395,4844,315,122,177,1,0,1357,89427.4105,CA-15,0.634389671,0.710680751,0.795921362
220,H2CA20094,DAVID VALADAO,VALADAO,REP,7566,4249,1618,1101,598,3508,1943,1340,775,5190,1082,71,88,2,0,1133,74574.1017,CA-21,0.463653185,0.685963521,0.56159133
221,H2CA31125,PETE AGUILAR,AGUILAR,DEM,11408,8053,2058,977,320,5720,2875,1707,1106,8159,751,338,154,11,1,1994,77300.8205,CA-31,0.501402525,0.71519986,0.705908135
222,H2CA36439,RAUL RUIZ,RUIZ,DEM,6838,4861,1064,712,201,3280,1732,1169,657,4881,562,174,80,6,0,1135,76352.0343,CA-36,0.479672419,0.713805206,0.710880374
223,H2CA52089,SCOTT PETERS,PETERS,DEM,1065,963,67,29,6,816,166,51,32,838,30,8,10,2,0,177,93405.7248,CA-52,0.766197183,0.78685446,0.904225352
224,H2FL08063,VALDEZ DEMINGS,DEMINGS,DEM,2999,2229,493,226,51,1240,851,590,318,2230,138,182,6,0,0,443,72612.0023,FL-10,0.413471157,0.743581194,0.743247749
225,H2FL14053,LOIS FRANKEL,FRANKEL,DEM,1286,996,219,62,9,563,364,229,130,976,58,46,4,0,0,202,74342.6384,FL-21,0.437791602,0.758942457,0.774494557
226,H2GA09150,DOUGLAS COLLINS,COLLINS,REP,5032,2885,1251,678,218,2150,1273,960,649,4135,192,112,23,3,0,567,71792.6538,GA-09,0.427265501,0.821740859,0.573330684
227,H2IL10068,BRADLEY SCHNEIDER,SCHNEIDER,DEM,4587,3776,528,228,55,3009,832,472,274,3833,127,136,21,1,0,469,92795.8521,IL-10,0.655984303,0.835622411,0.823195989
228,H2IL13120,RODNEY DAVIS,DAVIS,REP,7395,4240,1839,1018,298,3233,2015,1456,691,6153,340,112,49,3,0,738,72704.6635,IL-13,0.437187289,0.832048682,0.573360379
229,H2IL17071,CHERI BUSTOS,BUSTOS,DEM,10792,7390,2127,1027,248,5112,2668,1863,1149,8399,481,465,55,7,0,1385,75854.4566,IL-17,0.473684211,0.778261675,0.684766494
230,H2MI05119,DANIEL KILDEE,KILDEE,DEM,1358,779,335,169,75,415,430,246,267,1158,10,46,7,1,0,136,65241.0861,MI-05,0.305596465,0.852724595,0.573637703
231,H2MO02102,ANN WAGNER,WAGNER,REP,8263,5238,1869,860,296,4072,2101,1370,720,7043,307,119,42,3,0,749,76572.6445,MO-02,0.492799225,0.852353867,0.633910202
232,H2NC08185,RICHARD HUDSON,HUDSON,REP,1015,661,225,107,22,464,193,244,114,838,5,14,2,3,0,153,73422.996,NC-08,0.457142857,0.825615764,0.651231527
233,H2NV04011,STEVEN HORSFORD,HORSFORD,DEM,6023,4281,1071,508,163,3165,1536,757,565,4450,264,164,43,3,0,1099,79139.9759,NV-04,0.525485638,0.738834468,0.710775361
234,H2NY10092,HAKEEM JEFFRIES,JEFFRIES,DEM,4101,3185,621,233,62,2536,676,507,382,2886,139,389,23,0,0,664,86556.3747,NY-08,0.61838576,0.703730797,0.776639844
235,H2NY14037,CAROLYN MALONEY,MALONEY,DEM,2490,2254,163,67,6,1906,326,148,110,2059,53,41,11,1,0,325,100273.9654,NY-12,0.765461847,0.826907631,0.905220884
236,H2NY17071,JERROLD NADLER,NADLER,DEM,4908,4064,570,207,67,3285,831,515,277,4097,178,102,22,1,0,508,90199.6629,NY-10,0.669315403,0.834759576,0.82803586
237,H2NY22139,SEAN MALONEY,MALONEY,DEM,7579,5634,1352,477,116,4293,1674,1008,604,6039,286,245,49,4,0,956,82637.4829,NY-18,0.566433566,0.796806967,0.743369838
238,H2OH02085,BRAD WENSTRUP,WENSTRUP,REP,3681,2297,836,424,124,1673,1034,631,343,3080,152,77,20,2,0,350,73453.7506,OH-02,0.454496061,0.83672915,0.624015213
239,H2OH03067,MICHAEL TURNER,TURNER,REP,1640,923,444,209,64,668,516,280,176,1412,47,47,3,2,0,129,72445.6359,OH-10,0.407317073,0.86097561,0.562804878
240,H2OH03125,JOYCE BEATTY,BEATTY,DEM,1830,1395,278,122,35,843,519,177,291,1398,22,176,5,0,0,229,74514.8005,OH-03,0.460655738,0.763934426,0.762295082
241,H2OH17109,TIMOTHY RYAN,RYAN,DEM,2343,1603,425,249,66,1008,632,412,291,1991,46,62,13,1,0,230,73286.9641,OH-13,0.43021767,0.849765258,0.6841656
242,H2OR01133,SUZANNE BONAMICI,BONAMICI,DEM,1511,1140,285,76,10,787,411,242,71,1418,15,6,3,1,0,68,74451.5261,OR-01,0.520847121,0.938451357,0.75446724
243,H2PA04135,SCOTT PERRY,PERRY,REP,3840,2345,960,415,120,1717,1176,652,295,3247,162,55,22,1,0,353,73855.7132,PA-10,0.447135417,0.845572917,0.610677083
244,H2PA17079,MATTHEW CARTWRIGHT,CARTWRIGHT,DEM,4634,3153,1043,369,69,2312,1074,780,468,3915,109,133,25,0,0,452,77744.2835,PA-08,0.498921019,0.844842469,0.680405697
245,H2SC02042,JAMES CLYBURN,CLYBURN,DEM,2872,2054,478,276,64,1288,608,464,512,1991,65,420,10,0,0,386,71910.9742,SC-06,0.448467967,0.693245125,0.715181058
246,H2SC02059,JOE WILSON,WILSON,REP,3262,2029,750,370,113,1431,885,613,333,2628,145,103,21,1,0,364,73141.5643,SC-02,0.438687922,0.805640711,0.622011036
247,H2TX31044,JOHN CARTER,CARTER,REP,8406,5091,1955,1039,321,3936,2268,1405,797,6791,437,122,53,3,0,1000,74127.4358,TX-31,0.468236974,0.807875327,0.605638829
248,H2TX35011,JOAQUIN CASTRO,CASTRO,DEM,2676,1813,517,192,154,1213,636,434,393,1583,515,50,13,0,0,515,72585.8613,TX-20,0.45328849,0.591554559,0.677503737
249,H2UT02324,CHRIS STEWART,STEWART,REP,2775,1696,656,333,90,1270,761,513,231,2274,138,46,19,1,0,297,74368.3059,UT-02,0.457657658,0.819459459,0.611171171
250,H2WA06129,DEREK KILMER,KILMER,DEM,2109,1377,539,179,14,1172,385,473,79,2029,2,1,0,6,0,71,75692.6282,WA-06,0.555713608,0.96206733,0.652916074
251,H2WI02124,MARK POCAN,POCAN,DEM,13829,9773,2682,1081,293,6093,3790,2316,1630,10563,692,436,120,8,0,2011,71614.8202,WI-02,0.440595849,0.763829633,0.706703305
252,H4AZ07043,RUBEN GALLEGO,GALLEGO,DEM,6438,4475,1189,553,221,2732,1543,1288,875,4990,526,98,42,19,1,762,71782.1206,AZ-07,0.42435539,0.77508543,0.695091643
253,H4CA12055,ROHIT KHANNA,KHANNA,DEM,17696,12908,3101,1295,392,8911,4151,2745,1889,12108,1015,503,594,10,0,3467,79393.9679,CA-17,0.503560127,0.684222423,0.72943038
254,H4CA33119,TED LIEU,LIEU,DEM,1881,1662,155,47,17,1428,241,140,72,1446,78,21,58,0,0,278,99247.9489,CA-33,0.759170654,0.768740032,0.883572568
255,H4FL15155,ALAN MICHAEL COHN,COHN,DEM,2835,2161,458,174,42,1290,769,492,284,2309,120,48,13,0,0,345,75161.3139,FL-15,0.455026455,0.814462081,0.762257496
256,H4FL20023,DEBBIE WASSERMAN SCHULTZ,WASSERMAN SCHULTZ,DEM,2183,1639,410,106,28,1003,638,361,181,1529,187,75,6,0,0,386,75769.4466,FL-23,0.459459459,0.700412277,0.750801649
257,H4GA11061,BARRY LOUDERMILK,LOUDERMILK,REP,2337,1419,558,278,82,1103,650,382,202,1900,121,41,17,1,0,257,74492.7449,GA-11,0.471972614,0.81300813,0.607188703
259,H4IA03115,DAVID YOUNG,YOUNG,REP,3760,2435,808,391,126,1846,1037,643,234,3297,130,26,23,0,0,284,77437.3579,IA-03,0.490957447,0.876861702,0.647606383
260,H4IL12060,MICHAEL BOST,BOST,REP,2741,1547,718,355,121,1192,721,556,272,2294,124,42,17,1,0,263,72401.139,IL-12,0.434877782,0.836920832,0.564392557
261,H4MA03022,JAMES MCGOVERN,MCGOVERN,DEM,2238,1858,298,74,8,1242,527,349,120,2026,25,26,8,0,0,153,82738.7466,MA-02,0.554959786,0.905272565,0.830205541
262,H4MA05084,KATHERINE CLARK,CLARK,DEM,1299,1233,53,11,2,1112,123,46,18,1205,12,8,1,0,0,73,108316.1031,MA-05,0.85604311,0.927636644,0.949191686
263,H4MI12079,DEBBIE DINGELL,DINGELL,DEM,2246,1707,352,142,45,1010,732,315,189,1992,26,85,2,1,0,140,75435.5164,MI-12,0.449688335,0.886910062,0.760017809
264,H4MN06087,THOMAS EMMER,EMMER,REP,4738,2962,1169,470,137,2445,1194,723,376,4051,169,58,27,1,0,432,76267.68,MN-06,0.516040523,0.855002111,0.625158295
265,H4MT00050,MATT ROSENDALE,ROSENDALE,REP,2767,1793,647,244,83,1178,863,485,241,2327,120,28,26,2,0,264,74640.0578,MT-AL,0.42573184,0.840983014,0.647994218
266,H4NC05146,VIRGINIA FOXX,FOXX,REP,5584,3442,1307,619,216,2579,1489,986,530,4636,266,71,38,4,0,569,74485.0777,NC-05,0.461855301,0.830229226,0.616404011
267,H4NJ01084,DONALD NORCROSS,NORCROSS,DEM,1014,622,329,40,23,735,185,64,30,923,14,17,1,0,0,59,86922.6469,NJ-01,0.724852071,0.91025641,0.613412229
268,H4NY21079,ELISE STEFANIK,STEFANIK,REP,80218,47449,19764,9828,3177,36615,21497,14692,7414,66784,3430,970,429,39,0,8566,73838.6422,NY-21,0.456443691,0.832531352,0.591500661
270,H4NY24073,JOHN KATKO,KATKO,REP,6462,3889,1577,764,232,2995,1688,1188,591,5255,323,118,46,4,0,716,73980.3681,NY-24,0.463478799,0.813215723,0.60182606
271,H4TX10093,MICHAEL MCCAUL,MCCAUL,REP,7624,4635,1806,899,284,3634,2006,1305,679,6063,420,111,49,4,0,977,75639.4525,TX-10,0.476652676,0.795251836,0.607948583
272,H4VA08224,DONALD BEYER,BEYER,DEM,2084,1982,72,25,5,1816,160,77,31,1644,16,15,2,0,0,407,115047.5,VA-08,0.871401152,0.788867562,0.951055662
273,H4WA05077,CATHY MCMORRIS RODGERS,MCMORRIS RODGERS,REP,8600,4914,2386,1012,288,3628,2589,1631,752,7297,368,87,44,4,0,800,72383.5291,WA-05,0.421860465,0.848488372,0.571395349
274,H6AK00045,DONALD YOUNG,YOUNG,REP,7187,4249,1792,873,273,3348,1961,1234,644,5827,361,115,45,15,0,824,74410.8131,AK-AL,0.465841102,0.810769445,0.591206345
275,H6AZ01199,TOM O'HALLERAN,O'HALLERAN,DEM,4262,3187,670,297,108,1951,1108,745,458,3460,177,85,24,27,0,489,75322.0241,AZ-01,0.457766307,0.811825434,0.747771
276,H6CA22125,KEVIN MCCARTHY,MCCARTHY,REP,89171,48608,23211,13021,4331,37065,24688,17476,9942,73331,4199,1222,531,43,0,9845,70867.7671,CA-23,0.415662043,0.822363773,0.545109957
277,H6CO01141,DIANA DEGETTE,DEGETTE,DEM,1520,1348,113,47,12,709,590,169,52,1301,74,3,1,0,0,141,75005.9256,CO-01,0.466447368,0.855921053,0.886842105
278,H6CO03139,SCOTT TIPTON,TIPTON,REP,4746,3012,1084,507,143,2213,1304,794,435,3979,200,60,31,0,0,476,74150.8885,CO-03,0.4662874,0.838390223,0.634639697
279,H6CO07023,EDWIN PERLMUTTER,PERLMUTTER,DEM,1108,924,127,48,9,598,354,139,17,1019,49,3,0,0,0,37,74855.8907,CO-07,0.539711191,0.91967509,0.833935018
280,H6DE00206,LISA BLUNT ROCHESTER,BLUNT ROCHESTER,DEM,1330,1000,225,103,2,684,436,117,93,1105,6,91,0,0,0,128,79941.4413,DE-AL,0.514285714,0.830827068,0.751879699
281,H6FL01119,MATT GAETZ,GAETZ,REP,2356,1493,538,246,79,994,675,473,214,2035,84,19,11,0,0,207,72937.3455,FL-01,0.421901528,0.863752122,0.633701188
282,H6FL02208,NEAL DUNN,DUNN,REP,2314,1389,558,280,87,1061,651,388,214,1879,124,41,18,1,0,251,74059.5073,FL-02,0.458513397,0.812013829,0.600259291
283,H6FL07140,STEPHANIE MURPHY,MURPHY,DEM,1148,1013,92,41,2,610,302,175,61,994,28,8,0,0,0,118,79208.6524,FL-07,0.531358885,0.865853659,0.882404181
284,H6FL13148,VERNON BUCHANAN,BUCHANAN,REP,3106,2038,657,327,84,1401,862,570,273,2585,142,42,17,1,0,319,73559.7025,FL-16,0.45106246,0.832260142,0.656149388
285,H6FL13205,CHARLIE CRIST,CRIST,DEM,2054,1447,454,133,20,669,622,445,318,1641,123,89,0,0,0,201,66503.8846,FL-13,0.32570594,0.798928919,0.704479065
286,H6FL18097,BRIAN MAST,MAST,REP,13126,7959,3101,1618,448,5491,3740,2645,1250,10878,617,192,58,8,0,1373,71179.6029,FL-18,0.418330032,0.828736858,0.606353802
287,H6GA03113,ANDERSON FERGUSON,FERGUSON,REP,3130,1827,787,405,111,1341,802,625,362,2609,108,73,9,2,0,329,71550.4345,GA-03,0.428434505,0.833546326,0.58370607
288,H6GA05217,JOHN LEWIS,LEWIS,DEM,57722,40900,10982,4523,1317,27586,14645,9440,6051,43944,2415,2736,407,28,2,8190,75133.746,GA-05,0.477911368,0.761304182,0.708568657
289,H6IL08147,RAJA KRISHNAMOORTHI,KRISHNAMOORTHI,DEM,11684,8984,1719,782,199,7160,2331,1311,882,9131,391,420,95,8,0,1639,84168.108,IL-08,0.612803834,0.781496063,0.768914755
290,H6IN03229,JAMES BANKS,BANKS,REP,2560,1514,623,325,98,1160,709,460,231,2097,124,40,17,1,0,281,74092.7285,IN-03,0.453125,0.819140625,0.59140625
291,H6LA03148,CLAY HIGGINS,HIGGINS,REP,2817,1648,668,379,122,1227,777,532,281,2301,141,62,19,1,0,293,72160.3613,LA-03,0.435569755,0.816826411,0.585019524
293,H6MD07160,ELIJAH CUMMINGS,CUMMINGS,DEM,2304,1796,338,127,43,1334,466,297,207,1611,69,223,6,2,0,393,82811.9509,MD-07,0.578993056,0.69921875,0.779513889
294,H6MD08457,JAMIE RASKIN,RASKIN,DEM,1421,1370,35,13,3,1303,64,32,22,1047,9,22,1,0,0,342,122007.09,MD-08,0.916959887,0.736805067,0.964109782
295,H6MI01226,JOHN BERGMAN,BERGMAN,REP,6158,3725,1498,712,223,2722,1688,1151,597,5136,253,94,40,1,0,634,73384.1776,MI-01,0.442026632,0.834037025,0.60490419
296,H6MI04113,FREDERICK UPTON,UPTON,REP,7732,4626,1844,980,282,3395,2169,1411,757,6374,353,135,47,3,0,820,73205.9789,MI-06,0.439084325,0.82436627,0.598292809
297,H6MN02131,ANGELA CRAIG,CRAIG,DEM,10008,8505,1147,284,72,5939,2545,1049,475,8580,192,142,52,1,0,1041,83367.8378,MN-02,0.59342526,0.857314149,0.849820144
298,H6MS01131,JOHN KELLY,KELLY,REP,2500,1421,646,331,102,1086,641,488,285,2033,121,71,17,1,0,257,72654.098,MS-01,0.4344,0.8132,0.5684
299,H6NE02125,DONALD BACON,BACON,REP,7863,4796,1877,908,282,3541,2212,1410,700,6500,376,124,44,5,0,814,73547.0794,NE-02,0.450337021,0.826656492,0.609945313
300,H6NJ05171,JOSH GOTTHEIMER,GOTTHEIMER,DEM,3458,3230,182,39,7,2957,310,120,71,2943,64,22,9,0,0,420,113591.8571,NJ-05,0.855118566,0.851069983,0.934065934
301,H6NV04020,SUSIE LEE,LEE,DEM,6967,5295,1091,462,119,3898,1690,806,573,5354,273,137,39,1,0,1163,81413.4291,NV-03,0.559494761,0.768479977,0.760011483
302,H6OH04082,JAMES JORDAN,JORDAN,REP,48681,27011,12575,6836,2259,20445,13623,9517,5096,40522,2117,630,227,28,0,5158,71323.1954,OH-04,0.419979047,0.832398677,0.554857131
303,H6OH08315,WARREN DAVIDSON,DAVIDSON,REP,2919,1666,772,371,110,1290,846,510,273,2387,143,55,18,2,0,314,73185.6447,OH-08,0.441932169,0.817745803,0.570743405
304,H6OR03064,EARL BLUMENAUER,BLUMENAUER,DEM,2148,1691,349,86,22,947,746,291,164,2015,23,9,7,2,0,92,72675.8887,OR-03,0.440875233,0.938081937,0.787243948
305,H6OR04047,PETER DEFAZIO,DEFAZIO,DEM,7366,4620,1768,835,143,2025,2287,1781,1273,6667,155,58,26,2,0,458,64196.5832,OR-04,0.274911757,0.905104534,0.627206082
306,H6PA08277,BRIAN FITZPATRICK,FITZPATRICK,REP,8365,5263,1876,939,287,4216,2090,1340,719,7001,362,121,47,4,0,830,77158.8745,PA-01,0.504004782,0.836939629,0.629169157
307,H6TX02079,BRIAN BABIN,BABIN,REP,3280,1897,734,481,168,1453,898,592,337,2676,171,52,21,1,0,359,73742.1722,TX-36,0.442987805,0.815853659,0.578353659
308,H6TX12060,KAY GRANGER,GRANGER,REP,6020,3874,1334,598,214,2844,1701,991,484,4956,289,74,37,4,0,660,77118.1192,TX-12,0.472425249,0.823255814,0.643521595
309,H6VT00160,PETER WELCH,WELCH,DEM,8530,6101,1596,646,187,3763,2236,1474,1057,6190,501,290,93,4,0,1453,72171.7501,VT-AL,0.441148886,0.725674091,0.715240328
310,H6WA07458,PRAMILA JAYAPAL,JAYAPAL,DEM,16649,12430,2774,1132,313,8367,4193,2452,1637,12610,777,445,154,9,0,2655,75494.6931,WA-07,0.502552706,0.757402847,0.746591387
311,H6WI03099,RONALD KIND,KIND,DEM,1656,1152,349,139,16,609,449,514,84,1538,17,19,1,0,0,81,70310.0507,WI-03,0.367753623,0.928743961,0.695652174
312,H6WI08155,MICHAEL GALLAGHER,GALLAGHER,REP,3456,2225,768,367,96,1677,953,574,252,2927,144,52,20,2,0,311,76724.8784,WI-08,0.485243056,0.84693287,0.64380787
313,H6WY00159,ELIZABETH CHENEY,CHENEY,REP,6148,3818,1452,650,228,2949,1653,1027,519,5094,290,88,41,4,0,631,76616.2942,WY-AL,0.479668185,0.828562134,0.621014964
315,H8AZ01104,ANN KIRKPATRICK,KIRKPATRICK,DEM,8220,6083,1390,569,178,3754,1934,1418,1114,6636,423,121,56,14,0,970,72697.9478,AZ-02,0.456690998,0.80729927,0.740024331
316,H8AZ05154,JOAN GREENE,GREENE,DEM,1897,1446,322,112,17,986,468,312,131,1598,56,18,6,0,0,219,76512.7812,AZ-05,0.519768055,0.84238271,0.762256194
317,H8AZ06103,ANITA MALIK,MALIK,DEM,1545,1385,99,45,16,1008,272,185,80,1426,31,9,4,0,0,75,83852.9922,AZ-06,0.652427184,0.922977346,0.896440129
318,H8AZ08083,HIRAL TIPIRNENI,TIPIRNENI,DEM,10058,7920,1485,525,128,5513,2114,1545,886,8435,335,139,51,6,0,1092,80680.8347,AZ-06,0.548120899,0.838635912,0.787432889
319,H8AZ08158,DEBBIE LESKO,LESKO,REP,6210,3795,1513,672,230,2838,1698,1102,572,5164,297,80,38,4,0,627,74140.5038,AZ-08,0.457004831,0.831561997,0.611111111
320,H8AZ09040,GREG STANTON,STANTON,DEM,2644,2116,343,138,47,1058,730,504,352,2167,149,22,10,10,0,286,71130.8464,AZ-09,0.400151286,0.819591528,0.800302572
321,H8CA01257,AUDREY DENNEY,DENNEY,DEM,5960,3885,1415,426,234,1309,1586,2508,557,5377,93,29,37,1,0,423,62469.5711,CA-01,0.219630872,0.902181208,0.651845638
322,H8CA04152,THOMAS MCCLINTOCK,MCCLINTOCK,REP,1149,858,200,66,25,789,242,84,34,845,53,0,28,0,0,223,91880.6335,CA-04,0.686684073,0.735422106,0.746736292
323,H8CA05035,NANCY PELOSI,PELOSI,DEM,261299,185240,49261,20555,6243,130562,65043,40055,25639,194714,12909,10352,2531,152,1,40640,76580.2994,CA-12,0.499665135,0.745176981,0.708919667
324,H8CA09060,BARBARA LEE,LEE,DEM,4948,4288,446,158,56,3332,909,447,260,2702,213,68,77,1,0,1887,88632.4684,CA-13,0.673403395,0.546079224,0.866612773
325,H8CA10126,JOSH HARDER,HARDER,DEM,14837,11637,1727,1197,276,9506,3111,1563,657,10630,693,138,249,1,0,3126,92858.7203,CA-10,0.640695558,0.716452113,0.784322976
326,H8CA10167,TERRANCE COX,COX,DEM,11215,9036,1322,650,207,7158,2233,1152,672,8199,624,156,186,2,0,2048,89255.7201,CA-21,0.638252341,0.731074454,0.805706643
327,H8CA12262,SHAHID BUTTAR,BUTTAR,DEM,28031,19529,5417,2287,798,12598,7154,4722,3557,18443,2100,1006,469,14,0,5999,72864.4256,CA-12,0.449430987,0.657950127,0.696692947
328,H8CA20059,DEVIN NUNES,NUNES,REP,45367,27174,10594,5548,2051,21199,12166,7870,4132,35745,2911,481,413,25,1,5791,74918.5614,CA-22,0.467277977,0.78790751,0.598981639
329,H8CA22154,BOBBY BLIATOUT,BLIATOUT,DEM,1328,972,201,104,51,776,274,164,114,855,110,9,22,0,0,332,82192.2733,CA-22,0.584337349,0.643825301,0.731927711
330,H8CA25074,KATHERINE HILL,HILL,DEM,6724,5375,906,328,115,4241,1370,650,463,4803,400,111,85,0,0,1325,85490.0514,CA-25,0.630725758,0.71430696,0.799375372
331,H8CA39174,GILBERT CISNEROS,CISNEROS,DEM,10181,8306,1275,469,131,6517,2064,994,606,7364,489,159,189,6,0,1974,87354.2189,CA-39,0.640113938,0.723308123,0.815833415
332,H8CA39240,YOUNG KIM,KIM,REP,25823,14865,6466,3353,1139,12042,6903,4472,2406,19063,1778,298,430,13,0,4241,73783.6284,CA-39,0.466328467,0.738217868,0.575649615
333,H8CA45130,KATHERINE PORTER,PORTER,DEM,130394,97691,21647,8656,2400,70491,30710,18092,11101,99035,5971,3119,1382,48,2,20838,79446.5618,CA-45,0.540600028,0.759505805,0.749198583
334,H8CA48035,HARLEY ROUDA,ROUDA,DEM,11079,9524,1038,414,103,7553,2069,901,556,8636,399,146,115,2,0,1781,90333.352,CA-48,0.681740229,0.779492734,0.859644372
335,H8CA49058,MIKE LEVIN,LEVIN,DEM,10092,8639,1036,330,87,6864,1964,812,452,8113,326,131,92,0,0,1430,90932.0321,CA-49,0.680142687,0.803904082,0.856024574
337,H8CA49108,BRIAN MARYOTT,MARYOTT,REP,1363,1111,170,61,21,1010,254,63,36,1083,71,1,14,0,0,194,92794.5752,CA-49,0.741012472,0.7945708,0.81511372
338,H8CA50098,AMMAR CAMPA-NAJJAR,CAMPA-NAJJAR,DEM,25145,18332,4588,1692,533,14611,6243,2720,1571,17150,2111,344,359,6,0,5175,81500.6307,CA-50,0.581069795,0.682044144,0.729051501
339,H8CA52052,DUNCAN HUNTER,HUNTER,REP,1140,717,266,113,44,581,297,169,93,883,81,5,16,0,0,155,78768.0078,CA-50,0.509649123,0.774561404,0.628947368
340,H8CO02160,JOSEPH NEGUSE,NEGUSE,DEM,1490,1397,63,25,5,832,436,184,38,1361,20,8,5,1,0,95,77601.5416,CO-02,0.558389262,0.913422819,0.937583893
341,H8CO03192,DIANE MITSCH BUSH,MITSCH BUSH,DEM,8367,7000,1005,313,49,4520,2114,1098,635,7015,290,99,51,1,0,911,77163.1505,CO-03,0.540217521,0.838412812,0.836620055
342,H8CO06229,JASON CROW,CROW,DEM,8936,7500,991,347,98,5432,2143,950,411,7590,301,95,37,3,0,910,83877.7686,CO-06,0.607878245,0.849373321,0.839301701
343,H8CT05245,JAHANA HAYES,HAYES,DEM,5221,4337,625,207,52,3426,980,527,288,4240,143,136,18,0,0,684,88627.9023,CT-05,0.656196131,0.812104961,0.830683777
344,H8FL01107,PHILLIP EHR,EHR,DEM,15847,11629,3025,966,227,7954,4028,2545,1320,12563,653,355,96,2,0,2178,77374.6779,FL-01,0.501924655,0.792768347,0.733829747
345,H8FL06148,MICHAEL WALTZ,WALTZ,REP,3830,2317,948,447,118,1631,1062,779,358,3170,170,64,20,1,0,405,72705.2232,FL-06,0.425848564,0.82767624,0.604960836
346,H8FL15230,VINCENT SPANO,SPANO,REP,4349,2641,1036,521,151,1977,1187,744,441,3561,184,63,30,0,0,511,73576.4488,FL-15,0.454587261,0.818808922,0.607266038
347,H8FL17053,GREG STEUBE,STEUBE,REP,2380,1440,557,298,85,1078,657,420,225,1938,122,41,17,1,0,261,73450.3672,FL-17,0.452941176,0.814285714,0.605042017
348,H8FL26039,DEBBIE MUCARSEL-POWELL,MUCARSEL-POWELL,DEM,12770,10307,1753,580,130,7037,3299,1585,849,9426,1308,243,82,3,0,1708,83361.3742,FL-26,0.551057165,0.738136257,0.807126077
349,H8FL27185,MARIA SALAZAR,SALAZAR,REP,6378,3737,1657,679,305,2476,1790,1267,845,3674,1695,135,33,0,0,841,70294.6823,FL-27,0.38820947,0.576042647,0.585920351
350,H8FL27193,DONNA SHALALA,SHALALA,DEM,4684,3830,622,191,41,2099,1553,687,345,2506,1389,111,15,0,0,663,78574.6592,FL-27,0.448121264,0.53501281,0.817677199
351,H8GA06286,KAREN HANDEL,HANDEL,REP,6485,4401,1267,578,239,3401,1605,942,537,5264,254,123,41,0,0,803,77618.9777,GA-06,0.524441018,0.811719352,0.678643022
352,H8GA06393,LUCIA MCBATH,MCBATH,DEM,28911,23978,3432,1202,299,17695,5835,3199,2182,21717,878,1417,169,8,0,4722,83985.6534,GA-06,0.612050777,0.751167376,0.829372903
353,H8GA07201,CAROLYN BOURDEAUX,BOURDEAUX,DEM,6451,5539,600,240,72,4127,1242,673,409,4996,131,224,33,3,0,1064,86505.6034,GA-07,0.639745776,0.774453573,0.85862657
354,H8IA01094,ABBY FINKENAUER,FINKENAUER,DEM,11347,9088,1572,565,122,6407,2665,1596,679,9381,322,200,70,2,0,1372,84409.2669,IA-01,0.564642637,0.826738345,0.800916542
355,H8IA03124,CYNTHIA AXNE,AXNE,DEM,11600,9311,1477,670,142,6286,2926,1674,714,9938,237,190,61,5,0,1169,82611.5947,IA-03,0.541896552,0.856724138,0.802672414
356,H8IA04106,JAMES SCHOLTEN,SCHOLTEN,DEM,17973,13692,2959,1061,261,8963,4659,2941,1410,14488,541,340,160,7,0,2437,78225.9627,IA-04,0.498692483,0.806098036,0.761809381
357,H8IL03102,MARIE NEWMAN,NEWMAN,DEM,27693,21278,4326,1643,446,14333,6757,3936,2667,21020,1344,898,219,8,0,4204,77482.344,IL-03,0.517567616,0.75903658,0.768353013
358,H8IL06139,SEAN CASTEN,CASTEN,DEM,11348,10256,784,246,62,8680,1468,712,488,9808,216,215,36,1,0,1072,91736.557,IL-06,0.764892492,0.864293268,0.90377159
359,H8IL07103,ANTHONY CLARK,CLARK,DEM,2692,1969,438,220,65,1222,682,402,386,1843,175,159,23,1,0,491,71817.7176,IL-07,0.453937593,0.6846211,0.731426449
360,H8IL09067,JANICE SCHAKOWSKY,SCHAKOWSKY,DEM,1678,1593,59,19,7,1208,155,205,110,1425,7,61,0,0,0,185,85670.4767,IL-09,0.719904648,0.849225268,0.949344458
361,H8IL13150,BETSY LONDRIGAN,LONDRIGAN,DEM,6654,5338,785,438,93,3316,1557,944,837,5840,103,132,22,0,0,557,75907.3662,IL-13,0.498346859,0.877667568,0.802224226
362,H8IL14067,BILL FOSTER,FOSTER,DEM,2033,1828,168,24,13,1373,284,200,176,1713,40,67,6,0,0,207,89965.4623,IL-11,0.675356616,0.842597147,0.899163797
363,H8IL14083,JAMES OBERWEIS,OBERWEIS,REP,1789,1194,372,157,66,968,436,253,132,1491,87,22,17,0,0,172,79368.7283,IL-14,0.541084405,0.833426495,0.667411962
364,H8IL14174,LAUREN UNDERWOOD,UNDERWOOD,DEM,18814,15818,2172,675,149,12519,3274,1743,1278,14880,511,831,92,2,0,2498,87796.196,IL-14,0.665408738,0.790900393,0.840756883
365,H8IN02177,MARY HACKETT,HACKETT,DEM,1640,946,462,211,21,415,381,497,347,1505,11,15,5,0,0,104,61444.7676,IN-02,0.25304878,0.917682927,0.576829268
366,H8IN06129,GREGORY PENCE,PENCE,REP,3504,2045,854,466,139,1512,1010,635,347,2872,160,54,26,2,0,390,72351.7069,IN-06,0.431506849,0.819634703,0.583618721
367,H8KS02199,STEVEN WATKINS,WATKINS,REP,7329,4327,1799,925,278,3231,2009,1387,702,5959,390,124,47,3,0,806,73021.4067,KS-02,0.440851412,0.81307136,0.590394324
368,H8KS03155,SHARICE DAVIDS,DAVIDS,DEM,13345,11153,1417,530,245,7974,2727,1586,1058,11022,369,252,67,29,0,1606,82353.7034,KS-03,0.597527164,0.825927314,0.835743724
369,H8KY02031,BRETT GUTHRIE,GUTHRIE,REP,2339,1387,564,301,87,1065,656,393,225,1904,121,40,17,1,0,256,74170.9315,KY-02,0.455322788,0.814023087,0.592988457
371,H8MA03106,LORI TRAHAN,TRAHAN,DEM,1045,871,154,15,5,834,72,113,26,956,10,7,3,0,0,69,106879.4851,MA-03,0.798086124,0.914832536,0.833492823
372,H8MA07032,AYANNA PRESSLEY,PRESSLEY,DEM,38009,27844,6871,2580,714,18498,9403,5905,4203,27498,1897,1910,282,11,0,6412,74890.9158,MA-07,0.486674209,0.723460233,0.73256334
373,H8MA08170,BRIANNA WU,WU,DEM,1899,1560,241,88,10,1151,381,229,138,1415,75,35,24,0,0,350,82940.288,MA-08,0.606108478,0.745129015,0.821484992
374,H8MD01094,ANDREW HARRIS,HARRIS,REP,3014,1962,656,307,89,1536,798,446,234,2482,138,61,17,1,0,315,76889.7521,MD-01,0.509621765,0.823490378,0.650962177
375,H8ME01120,CHELLIE PINGREE,PINGREE,DEM,1468,1138,261,56,13,537,476,318,137,1406,12,9,3,0,0,38,69290.5531,ME-01,0.365803815,0.957765668,0.77520436
376,H8ME02185,JARED GOLDEN,GOLDEN,DEM,10305,8434,1369,411,91,5745,2079,1608,873,8723,199,147,63,2,0,1171,83012.1925,ME-02,0.557496361,0.84648229,0.818437652
377,H8MI08102,ELISSA SLOTKIN,SLOTKIN,DEM,19605,16815,1997,650,143,12611,3663,2150,1181,16847,364,380,86,4,1,1923,88104.2865,MI-08,0.643254272,0.859321602,0.857689365
378,H8MI09118,ANDY LEVIN,LEVIN,DEM,2118,1659,307,116,36,1247,445,242,184,1797,34,100,6,0,0,181,86424.7965,MI-09,0.588762984,0.848441926,0.783286119
379,H8MI11254,HALEY STEVENS,STEVENS,DEM,9675,8148,1063,354,110,6361,1788,961,565,8168,205,275,43,0,0,984,87522.9522,MI-11,0.6574677,0.844237726,0.842170543
381,H8MI13250,RASHIDA TLAIB,TLAIB,DEM,83841,59410,16113,6215,2103,37259,21824,14143,10615,59685,5113,3656,823,38,0,14528,72277.3089,MI-13,0.444400711,0.711883207,0.708603189
383,H8MN03143,DEAN PHILLIPS,PHILLIPS,DFL,4336,3928,343,52,13,3196,721,284,135,4005,48,32,14,0,0,237,88648.2257,MN-03,0.737084871,0.923662362,0.905904059
384,H8MN05239,ILHAN OMAR,OMAR,DFL,108134,77271,20424,7893,2546,48058,28992,18189,12895,77647,6355,4164,1034,53,0,18882,72451.3951,MN-05,0.444430059,0.718062774,0.714585607
385,H8MN08043,PETER STAUBER,STAUBER,REP,1509,840,457,171,41,638,445,329,97,1454,8,7,1,4,0,35,70102.9456,MN-08,0.422796554,0.963552021,0.55666004
386,H8MO01143,CORI BUSH,BUSH,DEM,21209,15715,3704,1367,423,9484,5333,3747,2645,15125,1270,952,206,7,0,3649,72530.7277,MO-01,0.447168655,0.713140648,0.740959027
387,H8MO08098,KATHRYN ELLIS,ELLIS,DEM,1109,700,138,192,79,407,246,230,226,961,15,32,2,0,0,99,68009.6564,MO-08,0.366997295,0.866546438,0.631199279
388,H8MS03125,MICHAEL GUEST,GUEST,REP,1833,1138,398,235,62,778,553,295,207,1518,78,34,17,2,0,184,72837.0289,MS-03,0.424440807,0.828150573,0.620840153
389,H8MT01232,KATHLEEN WILLIAMS,WILLIAMS,DEM,7226,5314,1542,309,61,1835,2918,1239,1234,6639,86,62,21,25,0,393,65195.4518,MT-AL,0.253944091,0.918765569,0.735399945
390,H8NC08109,SCOTT HUFFMAN,HUFFMAN,DEM,1232,785,286,131,30,488,337,255,152,983,31,32,5,1,0,180,70517.7215,NC-08,0.396103896,0.79788961,0.637175325
391,H8NC09123,DANIEL MCCREADY,MCCREADY,DEM,4881,4381,330,139,31,3202,892,514,273,4211,61,84,25,3,0,497,90882.8102,NC-09,0.656013112,0.862733047,0.897561975
393,H8NE02220,KARA EASTMAN,EASTMAN,DEM,22770,17264,3758,1324,424,10978,5907,3597,2288,17912,1019,553,172,10,0,3104,75970.7799,NE-02,0.482125604,0.7866491,0.758190602
394,H8NH01210,CHRIS PAPPAS,PAPPAS,DEM,7533,6173,1012,273,75,4420,1817,878,418,6322,194,140,47,1,0,829,83432.596,NH-01,0.586751626,0.839240674,0.819461038
395,H8NJ02166,JEFF VAN DREW,VAN DREW,REP,18238,10553,4742,2215,728,8496,4857,3207,1678,15014,811,246,133,10,0,2025,74631.4142,NJ-02,0.465840553,0.823226231,0.578627042
396,H8NJ02174,WILLIAM CUNNINGHAM,CUNNINGHAM,DEM,1468,1132,247,77,12,918,294,156,100,1046,58,65,8,0,0,291,84437.3521,NJ-02,0.625340599,0.71253406,0.771117166
397,H8NJ03206,ANDY KIM,KIM,DEM,12380,10309,1617,336,118,9096,1870,831,583,10068,276,259,125,2,0,1651,93948.5735,NJ-03,0.734733441,0.813247173,0.832714055
398,H8NJ07223,TOM MALINOWSKI,MALINOWSKI,DEM,9402,8444,696,209,53,7371,1090,600,341,8045,191,132,53,2,0,979,106082.4834,NJ-07,0.783982131,0.855669007,0.898106786
399,H8NJ11142,MIKIE SHERRILL,SHERRILL,DEM,12182,10890,936,296,60,9653,1409,719,401,10114,217,135,63,2,0,1651,104394.6671,NJ-11,0.792398621,0.83024134,0.893941881
400,H8NM01331,DEBRA HAALAND,HAALAND,DEM,4891,3716,760,247,168,1728,1295,1032,836,3042,880,75,25,59,0,811,68060.058,NM-01,0.353301983,0.6219587,0.75976283
401,H8NM02156,STELLA HERRELL,HERRELL,REP,1025,445,296,200,84,233,256,331,205,644,275,1,0,0,0,105,60793.4331,NM-02,0.227317073,0.628292683,0.434146341
402,H8NM02248,XOCHITL TORRES SMALL,TORRES SMALL,DEM,13157,9990,2062,761,344,5652,3234,2552,1719,8831,2019,198,65,61,0,1984,74105.0624,NM-02,0.429581212,0.671201642,0.759291632
403,H8NY01148,LEE ZELDIN,ZELDIN,REP,13762,8781,3121,1444,416,7235,3419,2053,1055,11433,540,186,86,7,0,1510,79180.1738,NY-01,0.525723005,0.830765877,0.638061328
404,H8NY01155,PERRY GERSHON,GERSHON,DEM,2451,2159,217,67,8,2112,223,81,35,2258,42,12,7,0,0,132,102881.0563,NY-01,0.861689106,0.92125663,0.880864953
406,H8NY09158,ADEM BUNKEDDEKO,BUNKEDDEKO,DEM,1703,1469,202,25,7,1107,231,259,106,1102,42,264,5,0,0,290,88911.6048,NY-09,0.65002936,0.647093365,0.86259542
407,H8NY11113,MAX ROSE,ROSE,DEM,11568,10207,980,309,72,7644,2393,1021,510,9220,283,207,44,4,0,1810,91367.9293,NY-11,0.660788382,0.797026279,0.882347856
409,H8NY15148,ALEXANDRIA OCASIO-CORTEZ,OCASIO-CORTEZ,DEM,312869,217963,62103,24512,8291,136336,83440,53985,39108,213795,24121,12967,3342,214,1,58432,71813.5946,NY-14,0.435760654,0.683337116,0.696658985
410,H8NY19058,ELIOT ENGEL,ENGEL,DEM,2899,2723,141,28,7,2255,383,181,80,2362,144,38,9,0,0,346,107205.1983,NY-16,0.777854433,0.814763712,0.93928941
411,H8NY19181,ANTONIO DELGADO,DELGADO,DEM,11782,9351,1899,450,82,7031,2561,1580,610,10008,269,210,61,2,0,1232,84149.8907,NY-19,0.596757766,0.849431336,0.793668308
412,H8NY21245,TEDRA COBB,COBB,DEM,70688,55066,10993,3708,921,39982,16282,9674,4750,57205,2382,1494,391,22,0,9195,81928.2603,NY-21,0.565612268,0.809260412,0.779000679
413,H8NY22151,ANTHONY BRINDISI,BRINDISI,DEM,7559,5560,1602,313,84,3776,1831,1273,679,6601,114,104,27,1,0,712,80436.4351,NY-22,0.499536976,0.873263659,0.73554703
414,H8NY23183,TRACY MITRANO,MITRANO,DEM,2784,1837,638,281,28,451,682,1452,199,2657,19,24,1,0,0,83,60571.3408,NY-23,0.161997126,0.954382184,0.659841954
415,H8NY24090,DANA BALTER,BALTER,DEM,4705,3506,868,278,53,2471,901,787,546,4097,69,106,14,1,0,418,75227.6699,NY-24,0.525185972,0.87077577,0.745164718
416,H8NY27176,NATHAN MCMURRAY,MCMURRAY,DEM,2073,1499,414,150,10,954,597,391,131,1865,25,29,8,1,0,145,74512.1177,NY-27,0.460202605,0.899662325,0.723106609
417,H8OH01043,STEVE CHABOT,CHABOT,REP,6579,3944,1606,786,243,3020,1762,1159,638,5362,304,148,41,5,0,719,73566.5098,OH-01,0.459036328,0.81501748,0.599483204
418,H8OH15076,STEVE STIVERS,STIVERS,REP,2796,1794,612,299,91,1343,791,432,230,2332,127,46,17,1,0,273,76068.3104,OH-15,0.480329041,0.834048641,0.641630901
419,H8OK05109,KENDRA HORN,HORN,DEM,9953,7763,1452,603,135,4817,2144,1951,1041,8288,212,238,41,3,0,1171,75916.1453,OK-05,0.483974681,0.832713755,0.779965839
420,H8PA04116,MADELEINE DEAN,DEAN,DEM,1554,1393,124,28,9,1167,263,74,50,1415,16,36,3,0,0,84,92398.0823,PA-04,0.750965251,0.910553411,0.896396396
421,H8PA06087,CHRISSY HOULAHAN,HOULAHAN,DEM,4908,4318,421,130,39,3642,784,293,189,4295,91,83,25,0,0,414,93830.4199,PA-06,0.74205379,0.875101874,0.879788101
422,H8PA07200,MARY SCANLON,SCANLON,DEM,2383,2049,259,56,19,1728,377,162,116,2132,18,111,4,0,0,118,92730.8178,PA-05,0.725136383,0.894670583,0.859840537
423,H8PA15229,SUSAN WILD,WILD,DEM,7865,6243,1270,247,105,4884,1594,987,400,6831,167,192,30,1,1,643,86410.9651,PA-07,0.620979021,0.868531469,0.793769866
424,H8PA18181,CONOR LAMB,LAMB,DEM,8101,6653,1028,330,90,4803,1760,975,563,6966,151,197,40,0,0,747,82847.8149,PA-17,0.592889767,0.85989384,0.821256635
425,H8PA18199,GUY RESCHENTHALER,RESCHENTHALER,REP,3349,2072,789,378,110,1539,932,593,285,2783,150,57,21,1,0,337,74232.4831,PA-14,0.459540161,0.830994327,0.618692147
426,H8SC01116,JOE CUNNINGHAM,CUNNINGHAM,DEM,11899,9930,1350,490,129,6447,3205,1279,968,9932,173,386,47,4,0,1357,78439.0902,SC-01,0.541810236,0.834691991,0.83452391
427,H8SC04250,WILLIAM TIMMONS,TIMMONS,REP,2397,1464,566,282,85,1089,663,408,237,1934,121,42,17,1,0,282,74213.2957,SC-04,0.454317897,0.806841886,0.610763454
430,H8TN07076,MARK GREEN,GREEN,REP,2936,1785,683,354,114,1295,830,541,270,2473,133,43,17,1,0,269,73848.5745,TN-07,0.441076294,0.842302452,0.607970027
431,H8TX02166,DANIEL CRENSHAW,CRENSHAW,REP,17446,11723,3494,1702,527,9176,4384,2642,1244,13971,967,167,59,3,0,2279,79222.3019,TX-02,0.525965837,0.80081394,0.671959188
432,H8TX03123,NICHOLAS TAYLOR,TAYLOR,REP,2727,1751,591,301,84,1375,711,428,213,2186,154,40,17,1,0,329,77305.0953,TX-03,0.504217088,0.801613495,0.642097543
433,H8TX07140,ELIZABETH FLETCHER,FLETCHER,DEM,8089,6820,928,271,70,5306,1468,898,417,6183,302,139,35,0,0,1430,92137.7206,TX-07,0.655952528,0.764371369,0.843120287
434,H8TX10110,MICHAEL SIEGEL,SIEGEL,DEM,14249,10885,2295,820,249,6899,3741,2153,1456,10239,901,431,129,6,0,2543,74917.1921,TX-10,0.484174328,0.718576742,0.763913257
435,H8TX10185,SHANNON HUTCHESON,HUTCHESON,DEM,1126,1000,87,30,9,789,188,73,76,959,44,8,1,0,0,114,90576.2451,TX-10,0.70071048,0.851687389,0.888099467
436,H8TX14120,ADRIENNE BELL,BELL,DEM,1128,827,204,62,35,616,234,148,130,739,67,34,6,0,0,282,81074.6994,TX-14,0.546099291,0.655141844,0.733156028
437,H8TX21307,CHIP ROY,ROY,REP,1501,1078,275,110,38,858,307,245,91,1236,111,5,2,0,0,147,80605.7148,TX-21,0.571618921,0.823451033,0.718187875
438,H8TX22313,SRI KULKARNI,KULKARNI,DEM,4350,3839,326,153,32,3219,575,361,195,2728,181,68,46,0,0,1327,98225.5131,TX-22,0.74,0.627126437,0.882528736
439,H8TX23121,GINA JONES,JONES,DEM,13917,11255,1763,689,210,8197,2926,1697,1097,10441,866,308,89,3,0,2210,84135.8619,TX-23,0.58899188,0.750233527,0.808723144
440,H8TX25159,JULIE OLIVER,OLIVER,DEM,8711,6932,1210,441,128,4688,1958,1303,762,6571,473,184,44,1,0,1438,79644.3949,TX-25,0.53817013,0.754333601,0.795775456
441,H8TX31033,CHRISTINE MANN,MANN,DEM,1646,1343,215,71,17,1055,362,134,95,1348,93,12,1,0,0,192,81689.0668,TX-31,0.640947752,0.818955043,0.815917375
442,H8TX32098,COLIN ALLRED,ALLRED,DEM,10165,8356,1262,432,115,6082,2340,1076,667,7771,464,188,48,0,0,1694,85160.2008,TX-32,0.598327595,0.764485981,0.822036399
443,H8UT04053,BEN MCADAMS,MCADAMS,DEM,7125,5950,881,254,40,4224,1805,697,399,6254,103,63,24,2,0,679,83106.8008,UT-04,0.592842105,0.877754386,0.835087719
444,H8VA02111,ELAINE LURIA,LURIA,DEM,12147,10109,1524,417,97,7648,2523,1373,603,9784,254,256,69,3,0,1781,87735.3716,VA-02,0.629620482,0.80546637,0.832221948
445,H8VA05114,ROGER HUFFSTETLER,HUFFSTETLER,DEM,1507,1254,177,57,19,897,358,160,92,1318,19,22,6,0,0,142,90650.1844,VA-05,0.595222296,0.874585269,0.832116788
446,H8VA05171,DENVER RIGGLEMAN,RIGGLEMAN,REP,6907,4131,1673,848,255,3191,1855,1230,631,5609,337,114,41,3,0,803,74708.135,VA-05,0.461995077,0.812074707,0.598088895
447,H8VA07094,ABIGAIL SPANBERGER,SPANBERGER,DEM,17297,14790,1881,527,99,12281,2660,1598,758,14455,245,301,69,1,0,2226,91561.8823,VA-07,0.710007516,0.835694051,0.855061571
448,H8VA10106,JENNIFER WEXTON,WEXTON,DEM,4703,4264,338,74,27,3775,502,291,135,3647,57,59,16,2,0,922,113032.9525,VA-10,0.802679141,0.775462471,0.906655326
449,H8VA11062,GERALD CONNOLLY,CONNOLLY,DEM,2265,2102,126,32,5,2018,157,55,35,1607,10,38,2,0,0,608,114447.9752,VA-11,0.890949227,0.709492274,0.92803532
450,H8WA03198,CAROLYN LONG,LONG,DEM,7410,4625,2082,634,69,3545,2508,799,558,7002,43,20,11,4,0,330,74536.1097,WA-03,0.478407557,0.944939271,0.624156545
451,H8WA08189,KIM SCHRIER,SCHRIER,DEM,9068,7415,1262,342,49,5914,1863,866,425,7755,167,109,47,2,0,988,87902.058,WA-08,0.652183502,0.855205117,0.817710631
452,H8WI01156,BRYAN STEIL,STEIL,REP,1020,675,262,79,4,490,348,155,27,976,3,3,0,0,0,38,76177.2519,WI-01,0.480392157,0.956862745,0.661764706
454,H8WV03097,CAROL MILLER,MILLER,REP,5265,3183,1286,584,212,2383,1428,911,543,4355,258,70,37,3,0,542,73635.7004,WV-03,0.452611586,0.827160494,0.604558405
455,P00006213,JOHN DELANEY,DELANEY,DEM,7392,5966,913,388,125,4618,1457,795,522,6146,191,137,37,5,0,876,91589.5261,USA,0.624729437,0.831439394,0.807088745
456,P00006486,ANDREW YANG,YANG,DEM,325196,224260,63927,27560,9449,153205,80728,53535,37728,228731,19765,9432,6961,140,2,60165,74806.8387,USA,0.471115881,0.70336351,0.689614878
457,P00009092,JULIAN CASTRO,CASTRO,DEM,138190,100559,23855,9755,4021,64616,34893,22206,16475,95879,11871,5326,913,68,0,24133,74027.6911,USA,0.467588103,0.693820103,0.727686519
458,P00009183,TULSI GABBARD,GABBARD,DEM,163190,106319,36238,15609,5024,73430,43454,28130,18176,123563,8948,3531,1929,99,8,25114,72929.0364,USA,0.449966297,0.757172621,0.651504381
459,P00009290,KIRSTEN GILLIBRAND,GILLIBRAND,DEM,49075,37976,7560,2778,761,26521,11043,7074,4437,39064,1695,1351,261,15,3,6686,80488.791,USA,0.540417728,0.796006113,0.773835965
460,P00009423,KAMALA HARRIS,HARRIS,DEM,182077,133766,31276,13044,3991,93123,43967,26985,18002,132413,8770,8112,1711,75,1,30995,77326.1332,USA,0.511448453,0.727236279,0.734667201
461,P00009621,ELIZABETH WARREN,WARREN,DEM,1036373,786813,170792,62268,16500,507125,259765,161502,107981,783271,45175,35562,6762,349,2,165253,75190.4513,USA,0.489326719,0.755780978,0.759198667
462,P00009795,CORY BOOKER,BOOKER,DEM,181117,141084,27475,10026,2532,99120,41222,24641,16134,140745,6125,6907,1080,62,0,26198,80623.3026,USA,0.547270549,0.777094364,0.778966083
463,P00009910,MARIANNE WILLIAMSON,WILLIAMSON,DEM,87440,63097,16037,6504,1802,41061,22475,14195,9709,65862,4565,3096,631,32,2,13252,73900.2755,USA,0.469590576,0.753225069,0.721603385
464,P00010298,PETE BUTTIGIEG,BUTTIGIEG,DEM,650144,481011,112847,44924,11362,325595,161012,103486,60051,532724,21743,12964,3251,205,5,79252,76912.6194,USA,0.500804437,0.819393857,0.739853017
465,P00010454,JAY INSLEE,INSLEE,DEM,63941,51076,9302,2921,642,34938,15849,8194,4960,52160,1802,1317,336,23,2,8301,79880.1308,USA,0.546409972,0.815752021,0.798798893
466,P00010520,JOHN HICKENLOOPER,HICKENLOOPER,DEM,6283,5473,576,196,38,3673,1611,651,348,5485,175,77,16,1,0,529,83517.5767,USA,0.584593347,0.87299061,0.871080694
467,P00010793,ROBERT O'ROURKE,O'ROURKE,DEM,85007,59612,15461,6982,2952,41210,21205,13175,9417,59562,9840,1661,340,36,0,13568,75527.2723,USA,0.484783606,0.700671709,0.701259896
468,P00011239,WILLIAM WELD,WELD,REP,1468,1269,137,53,9,1043,227,121,77,1281,36,16,2,0,0,133,95952.863,USA,0.710490463,0.872615804,0.864441417
469,P00011254,MAURICE GRAVEL,GRAVEL,DEM,25887,18193,5056,1968,670,10993,6588,4667,3639,18645,1504,1056,204,8,0,4470,71195.5656,USA,0.424653301,0.720245683,0.702785182
470,P00011312,ERIC SWALWELL,SWALWELL,DEM,1063,875,122,50,16,712,191,106,54,773,43,10,33,0,0,204,94840.857,USA,0.669802446,0.727187206,0.823142051
471,P00011338,TIMOTHY RYAN,RYAN,DEM,7231,5304,1209,566,152,3674,1715,1120,722,6112,165,149,38,2,0,765,78109.7538,USA,0.508090167,0.84524962,0.733508505
472,P00011833,MICHAEL BENNET,BENNET,DEM,48390,38943,6448,2478,521,27376,11591,6112,3311,41428,1224,802,210,11,0,4715,82673.8751,USA,0.565736722,0.856127299,0.804773714
473,P00011866,SETH MOULTON,MOULTON,DEM,2785,2357,299,97,32,1843,540,246,156,2405,48,35,14,2,0,281,91697.047,USA,0.661759425,0.863554758,0.846319569
474,P00011999,STEVE BULLOCK,BULLOCK,DEM,35069,27060,5569,1979,461,17800,9070,5037,3162,30114,814,517,140,40,0,3444,79732.3088,USA,0.507570789,0.85870712,0.77162166
475,P00012054,BILL DE BLASIO,DE BLASIO,DEM,5140,3344,1246,450,100,2287,1296,844,713,3364,309,337,45,1,0,1084,73816.3527,USA,0.444941634,0.654474708,0.650583658
476,P00012567,JOSEPH SESTAK,SESTAK,DEM,2951,2375,410,125,41,1830,616,341,164,2593,38,72,13,0,0,235,84774.4476,USA,0.62012877,0.878685191,0.804811928
477,P00012716,TOM STEYER,STEYER,DEM,232865,152448,49894,23307,7216,107515,60190,40318,24842,183075,10924,5971,1879,105,2,30909,74292.4199,USA,0.46170528,0.786185129,0.654662573
478,P00014407,DEVAL PATRICK,PATRICK,DEM,6707,5808,647,210,42,4482,1203,587,435,5567,141,236,23,0,0,740,91664.1356,USA,0.668257045,0.830028329,0.865960936
479,P60007168,BERNARD SANDERS,SANDERS,DEM,1870431,1237527,401125,170660,61119,741072,513182,351889,264288,1337329,134648,66065,16235,1057,5,315103,69034.6365,USA,0.39620387,0.714984407,0.661626652
480,P80000722,JOSEPH BIDEN,BIDEN,DEM,2222993,1554863,427906,183990,56234,1105466,549106,344558,223863,1699069,99153,94026,14476,929,10,315341,76502.5277,USA,0.497287216,0.764315947,0.699445747
481,P80001571,DONALD TRUMP,TRUMP,REP,905254,471750,246565,138290,48649,358603,254269,184289,108093,748893,42014,13917,4266,510,2,95654,69316.9825,USA,0.396135228,0.827273892,0.521124458
482,P80006117,AMY KLOBUCHAR,KLOBUCHAR,DEM,367384,284948,57727,20047,4662,200771,89613,51184,25816,311809,9379,5514,1589,126,3,38965,80363.4418,USA,0.546488143,0.848727762,0.775613527
483,S0AK00196,AL GROSS,GROSS,IND,16169,12904,2414,659,192,10107,3606,1537,919,13392,386,234,110,78,0,1969,86389.4366,AK-SEN,0.625085039,0.828251593,0.798070382
484,S0AL00156,DOUG JONES,JONES,DEM,145758,114834,20881,7929,2114,79916,32044,20232,13566,115213,4544,5050,1103,40,0,19808,80605.4801,AL-SEN,0.548278654,0.790440319,0.787840119
485,S0AL00206,BRADLEY BYRNE,BYRNE,REP,1550,963,331,195,61,468,406,400,276,1336,21,69,3,0,0,121,67209.0329,AL-SEN,0.301935484,0.861935484,0.621290323
486,S0AL00230,THOMAS TUBERVILLE,TUBERVILLE,REP,2288,1264,513,357,154,764,487,543,494,1955,27,130,4,0,0,172,64765.968,AL-SEN,0.333916084,0.854458042,0.552447552
487,S0AR00200,JOSHUA MAHONY,MAHONY,DEM,2793,1855,583,284,71,1113,639,469,572,2305,82,84,16,1,0,305,70578.4747,AR-SEN,0.398496241,0.825277479,0.664160401
488,S0AZ00350,MARK KELLY,KELLY,DEM,331868,254058,52047,20244,5519,176352,77342,48483,29691,269229,13500,5351,2229,302,3,41254,78849.7137,AZ-SEN,0.531391999,0.811253269,0.765539311
490,S0CO00286,ANDREW ROMANOFF,ROMANOFF,DEM,20000,16361,2442,962,235,9451,6348,2786,1415,16650,891,288,78,3,0,2090,74011.4978,CO-SEN,0.47255,0.8325,0.81805
491,S0CO00435,LORENA GARCIA,GARCIA,DEM,1164,884,177,87,16,573,305,203,83,912,88,15,6,1,0,142,74452.5429,CO-SEN,0.492268041,0.783505155,0.759450172
492,S0CO00450,PATRICIA ZORNIO,ZORNIO,DEM,1231,940,190,83,18,652,306,193,80,990,68,14,8,0,0,151,77049.7822,CO-SEN,0.52965069,0.804224208,0.763606824
493,S0CO00468,MICHAEL JOHNSTON,JOHNSTON,DEM,2398,2190,149,48,11,1558,519,236,85,2168,53,17,4,0,0,156,89024.1597,CO-SEN,0.64970809,0.904086739,0.913261051
494,S0CO00500,DAN BAER,BAER,DEM,5754,4287,984,396,87,2919,1416,876,543,4539,262,135,31,0,0,787,77773.3607,CO-SEN,0.50729927,0.788842544,0.745046924
495,S0CO00518,JOHN WALSH,WALSH,DEM,2688,2055,410,178,45,1376,720,354,238,2201,102,53,13,1,0,318,78483.1767,CO-SEN,0.511904762,0.818824405,0.764508929
496,S0CO00575,JOHN HICKENLOOPER,HICKENLOOPER,DEM,106306,87653,13002,4610,1041,60633,26016,12831,6826,89076,3349,1553,592,27,0,11709,82153.7686,CO-SEN,0.570362915,0.837920719,0.824534833
498,S0DE00092,CHRISTOPHER COONS,COONS,DEM,5533,4381,755,355,42,3179,1597,486,271,4771,64,163,9,1,0,525,86424.4406,DE-SEN,0.574552684,0.86228086,0.791794686
499,S0DE00175,JESSICA SCARANE,SCARANE,DEM,2802,2045,542,180,35,1284,816,417,285,2051,100,137,21,2,0,491,73527.8372,DE-SEN,0.458244111,0.731977159,0.729835832
501,S0GA00393,TERESA TOMLINSON,TOMLINSON,DEM,10948,8607,1717,441,183,5946,2188,1469,1345,8112,176,913,49,2,0,1696,76469.9014,GA-SEN,0.543112897,0.740957252,0.78617099
502,S0GA00401,SARAH RIGGS AMICO,RIGGS AMICO,DEM,3364,2574,530,187,73,1763,766,459,376,2470,67,236,14,0,0,577,77090.8959,GA-SEN,0.524078478,0.734244946,0.765160523
503,S0GA00419,EDWARD TERRY,TERRY,DEM,3053,2231,563,199,60,1326,828,482,417,1912,114,305,13,0,0,709,70078.037,GA-SEN,0.434326892,0.626269243,0.730756633
504,S0GA00468,MATTHEW LIEBERMAN,LIEBERMAN,DEM,8447,6345,1399,549,154,4441,1959,1245,802,6503,265,327,42,2,0,1308,78692.8623,GA-SEN,0.525748787,0.769859122,0.751154256
505,S0GA00526,KELLY LOEFFLER,LOEFFLER,REP,6057,3846,1314,629,268,2831,1469,1058,699,4865,199,220,24,2,0,747,74004.0254,GA-SEN,0.467393099,0.803202906,0.634967806
506,S0GA00559,RAPHAEL WARNOCK,WARNOCK,DEM,74825,51234,15533,6155,1903,34224,18321,12656,9624,52023,2473,7931,342,36,1,12020,73136.1403,GA-SEN,0.457387237,0.695262279,0.684717675
507,S0GA00567,DOUGLAS ALLEN COLLINS,COLLINS,REP,6050,3281,1599,829,341,2440,1474,1200,936,5008,168,182,12,0,0,680,68887.3188,GA-SEN,0.403305785,0.827768595,0.54231405
509,S0IA00150,EDDIE MAURO,MAURO,DEM,3654,2706,609,252,87,1873,894,649,238,3007,116,35,39,0,0,457,79145.1327,IA-SEN,0.512588944,0.822933771,0.740558292
510,S0IA00168,KIMBERLY GRAHAM,GRAHAM,DEM,5893,4148,1133,479,133,2435,1681,1199,578,4775,231,137,35,2,0,713,71825.8471,IA-SEN,0.413202104,0.810283387,0.703885966
511,S0IA00176,THERESA GREENFIELD,GREENFIELD,DEM,94874,75558,13176,4965,1175,52784,22241,12948,6901,76998,2886,1887,742,17,2,12342,81929.3263,IA-SEN,0.55635896,0.811581677,0.796403651
512,S0IA00200,MICHAEL FRANKEN,FRANKEN,DEM,8180,5838,1539,625,178,3746,2251,1442,741,6854,228,151,32,8,0,907,75168.0259,IA-SEN,0.45794621,0.837897311,0.713691932
513,S0ID00180,PAULETTE JORDAN,JORDAN,DEM,5032,3469,1049,429,85,1760,1449,1246,577,4299,117,73,31,26,0,486,68625.1534,ID-SEN,0.349761526,0.854332273,0.689387917
514,S0KS00232,BARRY GRISSOM,GRISSOM,DEM,1324,1062,190,42,30,723,255,209,137,1194,13,15,2,0,0,100,77262.7719,KS-SEN,0.546072508,0.901812689,0.802114804
515,S0KS00257,CHRIS KOBACH,KOBACH,REP,1368,912,299,113,44,663,376,218,111,1243,45,7,4,1,0,68,76182.7068,KS-SEN,0.484649123,0.908625731,0.666666667
516,S0KS00315,ROGER MARSHALL,MARSHALL,REP,2011,1293,396,275,47,922,419,548,122,1893,45,6,1,0,0,66,75692.6404,KS-SEN,0.458478369,0.941322725,0.6429637
517,S0KS00323,BARBARA BOLLIER,BOLLIER,DEM,41014,33456,5280,1745,533,23460,8987,5314,3253,34802,1011,614,233,9,1,4344,82308.8476,KS-SEN,0.571999805,0.848539523,0.815721461
518,S0KY00321,MICHAEL BROIHIER,BROIHIER,DEM,7168,5085,1329,581,173,3371,1803,1144,850,5379,377,175,116,0,0,1121,74860.5558,KY-SEN,0.470284598,0.750418527,0.709402902
519,S0KY00339,AMY MCGRATH,MCGRATH,DEM,630639,472962,106183,40742,10752,329252,154859,91222,55306,503380,23124,15150,4125,192,2,84667,78328.316,KY-SEN,0.522092671,0.798206264,0.749972647
520,S0KY00420,CHARLES BOOKER,BOOKER,DEM,122179,90200,20921,8461,2597,55665,31138,19651,15725,87526,6675,5961,1028,20,0,20969,72765.5726,KY-SEN,0.455602027,0.716375154,0.738261076
521,S0LA00311,ANTOINE PIERCE,PIERCE,DEM,1897,1403,326,128,40,841,448,317,291,1354,58,188,7,1,0,289,71514.9741,LA-SEN,0.443331576,0.713758566,0.739588824
522,S0LA00386,ADRIAN PERKINS,PERKINS,DEM,2349,1744,383,158,64,1038,554,353,404,1640,68,239,13,0,0,389,72897.0246,LA-SEN,0.441890166,0.698169434,0.742443593
523,S0MA00208,JOSEPH KENNEDY,KENNEDY,DEM,25648,18956,4375,1823,494,14612,5452,3470,2114,21347,910,516,137,21,0,2717,83341.1947,MA-SEN,0.569713038,0.832306613,0.739082969
524,S0ME00103,BETSY SWEET,SWEET,DEM,6832,5140,1244,366,82,2994,1832,1274,732,5619,225,157,36,2,0,793,73269.6946,ME-SEN,0.43823185,0.822453162,0.75234192
525,S0ME00111,SARA GIDEON,GIDEON,DEM,225244,183388,29673,9790,2393,131645,49291,28003,16305,182778,6970,4739,1516,51,2,29188,83615.2704,ME-SEN,0.58445508,0.811466676,0.81417485
526,S0MN00328,JASON LEWIS,LEWIS,REP,17640,10634,4412,2017,577,8525,4874,2927,1314,15273,574,172,60,17,0,1544,74390.7678,MN-SEN,0.483276644,0.865816327,0.602834467
528,S0MT00090,WILMOT COLLINS,COLLINS,DEM,3911,2903,711,236,61,1565,1228,642,476,3080,157,140,29,6,0,499,71576.8453,MT-SEN,0.400153413,0.787522373,0.742265405
529,S0MT00132,CORA NEUMANN,NEUMANN,DEM,3010,2525,365,102,18,1573,837,356,244,2440,110,54,23,1,0,382,81188.8368,MT-SEN,0.522591362,0.810631229,0.838870432
530,S0MT00173,STEVE BULLOCK,BULLOCK,DEM,97047,78163,13463,4438,983,53183,23484,12297,8083,80125,2734,1699,656,74,1,11759,81849.0686,MT-SEN,0.548012819,0.82563088,0.805413872
531,S0NC00202,CAL CUNNINGHAM,CUNNINGHAM,DEM,136541,109790,18175,6965,1611,73910,30846,20417,11368,109506,3570,3332,913,42,1,19178,80205.5978,NC-SEN,0.541302612,0.802000864,0.804080826
532,S0NC00343,ERICA SMITH,SMITH,DEM,1627,1163,298,129,37,664,439,308,216,1145,75,100,9,0,0,298,69854.6177,NC-SEN,0.408113092,0.703749232,0.714812538
534,S0NH00219,JEANNE SHAHEEN,SHAHEEN,DEM,60301,47766,8775,3010,750,35188,13806,7252,4055,50512,1671,1221,342,18,0,6537,83249.8006,NH-SEN,0.583539245,0.837664384,0.792126167
535,S0NH00326,DONALD BOLDUC,BOLDUC,REP,1057,765,213,68,11,592,275,135,55,968,23,8,0,0,0,58,82044.7521,NH-SEN,0.560075686,0.915799432,0.723746452
536,S0NM00058,BEN LUJAN,LUJAN,DEM,47620,33236,9094,3942,1348,21083,12550,8394,5593,35316,3710,1542,304,111,1,6638,73406.8059,NM-SEN,0.442734145,0.741621168,0.697942041
537,S0NM00074,MAGGIE TOULOUSE OLIVER,TOULOUSE OLIVER,DEM,2262,1689,381,119,73,658,589,573,442,1285,543,28,12,11,0,384,64093.4703,NM-SEN,0.290893015,0.568081344,0.74668435
538,S0NM00124,MARK RONCHETTI,RONCHETTI,REP,4918,2984,915,705,314,807,1698,1490,923,2688,1205,2,4,53,0,970,58309.5683,NM-SEN,0.164091094,0.546563644,0.606750712
540,S0OK00370,ABBY BROYLES,BROYLES,DEM,7531,5034,1558,792,147,2407,1868,2016,1240,6670,113,129,20,3,0,596,64097.5056,OK-SEN,0.319612269,0.885672553,0.668437127
541,S0SC00149,LINDSEY GRAHAM,GRAHAM,REP,116674,66517,29165,15707,5285,48888,32311,22569,12906,96890,4976,2015,607,63,0,12124,71258.6626,SC-SEN,0.419013662,0.830433516,0.570109879
542,S0SC00289,JAIME HARRISON,HARRISON,DEM,410172,307115,69122,27038,6897,210757,98936,60629,39850,313248,15413,18833,2585,104,2,59989,77724.9229,SC-SEN,0.513825907,0.763699131,0.748746867
543,S0SD00070,DAN AHLERS,AHLERS,DEM,1115,770,273,56,16,474,378,173,90,957,35,13,7,5,0,98,74516.7112,SD-SEN,0.425112108,0.858295964,0.69058296
544,S0TN00144,MANNY SETHI,SETHI,REP,1642,1176,230,202,34,770,375,269,228,1504,9,35,0,0,0,94,75495.3124,TN-SEN,0.468940317,0.915956151,0.716199756
545,S0TN00169,BILL HAGERTY,HAGERTY,REP,4445,2947,870,470,158,2280,969,675,521,3942,113,70,20,1,0,299,78778.7865,TN-SEN,0.512935883,0.886839145,0.662992126
546,S0TX00233,MARY HEGAR,HEGAR,DEM,57052,42946,8852,3873,1381,31156,13658,7502,4736,41920,4368,824,291,9,0,9640,79563.2025,TX-SEN,0.546098296,0.734768282,0.752751875
547,S0TX00258,AMANDA EDWARDS,EDWARDS,DEM,2548,1893,394,197,64,1441,433,403,271,1338,231,213,4,0,0,762,81147.1032,TX-SEN,0.565541601,0.525117739,0.742935636
548,S0TX00266,ROYCE WEST,WEST,DEM,5898,3864,1226,534,274,2736,1536,844,782,3329,585,563,11,0,0,1410,74271.8835,TX-SEN,0.463886063,0.56442862,0.655137335
549,S0TX00290,SEMA HERNANDEZ,HERNANDEZ,DEM,1826,1175,405,159,87,729,474,354,269,1158,224,64,25,0,0,355,69481.2897,TX-SEN,0.399233297,0.634173056,0.643483023
551,S0VA00146,DANIEL GADE,GADE,REP,3806,2704,733,276,93,2259,836,469,242,3191,53,57,5,0,0,500,86123.9358,VA-SEN,0.593536521,0.838413032,0.710457173
552,S0VA00179,OMARI FAULKNER,FAULKNER,REP,1451,1043,252,118,38,824,360,182,85,1223,32,22,4,0,0,170,86293.1109,VA-SEN,0.567884218,0.842866988,0.718814611
554,S0WY00129,YANA LUDWIG,LUDWIG,DEM,1098,779,201,87,31,520,246,187,145,831,48,32,4,0,0,183,73821.765,WY-SEN,0.473588342,0.756830601,0.709471767
555,S0WY00152,MERAV BEN DAVID,BEN DAVID,DEM,1080,859,161,48,12,534,268,170,108,908,37,10,7,1,0,117,78628.9166,WY-SEN,0.494444444,0.840740741,0.79537037
558,S2KY00012,MITCH MCCONNELL,MCCONNELL,REP,169542,97869,41632,22595,7446,72735,46563,31865,18379,140878,7265,2427,913,103,1,17956,72158.5121,KY-SEN,0.429008741,0.830932748,0.577255193
560,S2MT00096,STEVEN DAINES,DAINES,REP,56625,32040,14719,7443,2423,23534,16277,10729,6085,45980,2938,753,362,52,0,6540,71610.498,MT-SEN,0.415611479,0.81200883,0.565827815
564,S2TX00106,JOHN CORNYN,CORNYN,REP,36310,22533,7667,4393,1717,17352,9521,6230,3207,27233,3160,321,99,7,0,5490,75818.4828,TX-SEN,0.47788488,0.75001377,0.620572845
569,S4AK00214,DAN SULLIVAN,SULLIVAN,REP,9701,6418,2180,845,258,5454,2318,1244,685,8236,312,116,59,41,0,937,81688.706,AK-SEN,0.562210081,0.848984641,0.66158128
570,S4AR00103,THOMAS COTTON,COTTON,REP,26478,16438,5948,3122,970,11966,6994,4552,2966,22130,1031,404,160,9,1,2743,74130.88,AR-SEN,0.451922351,0.835788202,0.620817282
571,S4CO00395,CORY GARDNER,GARDNER,REP,53771,34275,11538,6023,1935,25241,14687,8942,4901,45783,2208,601,216,20,0,4943,74824.2017,CO-SEN,0.4694166,0.851444087,0.637425378
572,S4GA11285,DAVID PERDUE,PERDUE,REP,16781,10512,3748,1738,783,7955,3923,2787,2116,13435,498,572,95,5,0,2176,74685.1048,GA-SEN,0.474048031,0.80060783,0.62642274
574,S4IA00129,JONI ERNST,ERNST,REP,74021,42268,18926,9774,3053,31248,21002,14582,7189,62675,2912,925,323,32,0,7154,71949.245,IA-SEN,0.422150471,0.846719174,0.571027141
576,S4LA00107,WILLIAM CASSIDY,CASSIDY,REP,7407,4865,1483,783,276,3483,1922,1201,801,6109,261,170,31,2,0,834,75776.6842,LA-SEN,0.470230863,0.824760362,0.656811125
577,S4MA00028,EDWARD MARKEY,MARKEY,DEM,37511,32078,3910,1256,267,24454,6888,3851,2318,31444,1074,801,147,3,0,4042,88191.6345,MA-SEN,0.651915438,0.838260777,0.855162486
578,S4MI00355,GARY PETERS,PETERS,DEM,89974,68161,14353,5777,1683,46610,22294,13073,7997,74171,2319,3008,523,15,1,9937,78586.2229,MI-SEN,0.518038544,0.824360371,0.757563296
579,S4NC00162,THOM TILLIS,TILLIS,REP,47148,27640,11376,6101,2031,20175,12615,9101,5257,39097,1991,726,213,32,0,5089,72003.7512,NC-SEN,0.427907865,0.829239841,0.586239077
580,S4NE00090,BENJAMIN SASSE,SASSE,REP,3069,2208,592,208,61,1655,720,494,200,2709,75,23,12,0,0,250,83414.9387,NE-SEN,0.539263604,0.882697947,0.71945259
581,S4NJ00185,CORY BOOKER,BOOKER,DEM,30241,23001,4881,1887,472,16877,6832,3950,2582,23581,1069,1167,188,7,0,4229,81704.0725,NJ-SEN,0.558083397,0.779769188,0.760589928
582,S4OK00083,JAMES INHOFE,INHOFE,REP,3745,2464,778,377,126,1781,904,648,412,3181,120,47,10,1,0,386,76278.7457,OK-SEN,0.475567423,0.849399199,0.657943925
585,S4SD00049,MIKE ROUNDS,ROUNDS,REP,3407,2249,786,282,90,1597,989,549,272,2905,116,33,17,4,0,332,77604.1259,SD-SEN,0.468740828,0.852656296,0.660111535
588,S4WV00159,SHELLEY CAPITO,CAPITO,REP,5249,3463,1081,511,194,2583,1179,834,653,4433,183,63,29,0,0,541,77147.2558,WV-SEN,0.492093732,0.844541817,0.659744713
589,S6AL00195,JEFFERSON SESSIONS,SESSIONS,REP,2530,1676,521,250,83,1153,579,460,338,2160,51,86,9,0,0,224,75322.611,AL-SEN,0.455731225,0.853754941,0.662450593
591,S6IL00151,RICHARD DURBIN,DURBIN,DEM,15555,12011,2274,997,273,9009,3238,1866,1442,12863,414,580,97,0,0,1601,81005.061,IL-SEN,0.579170685,0.826936676,0.772163292
595,S6ME00159,SUSAN COLLINS,COLLINS,REP,47078,30928,9927,4746,1477,23173,11827,7742,4336,39746,1721,616,266,14,0,4716,77539.8191,ME-SEN,0.492225668,0.844258465,0.656952292
604,S6RI00163,JOHN REED,REED,DEM,1391,1234,128,25,4,965,269,71,86,1260,13,7,6,0,0,105,93600.3314,RI-SEN,0.693745507,0.905823149,0.88713156
605,S6VA00093,MARK WARNER,WARNER,DEM,15701,12936,1984,626,155,10282,2831,1769,819,12959,125,312,27,1,0,2277,92990.2073,VA-SEN,0.654862748,0.825361442,0.823896567
608,S8AZ00221,MARTHA MCSALLY,MCSALLY,REP,99078,61171,22945,11167,3795,44928,26046,18646,9458,83068,4309,1064,526,84,2,10025,73538.867,AZ-SEN,0.45346091,0.838410142,0.617402451
610,S8GA00180,JONATHAN OSSOFF,OSSOFF,DEM,85842,67911,12377,4324,1230,47588,19312,11413,7529,65246,2666,3818,587,22,0,13503,80154.2013,GA-SEN,0.554367326,0.760070828,0.791116237
611,S8ID00092,JAMES RISCH,RISCH,REP,2397,1633,487,206,71,1260,558,382,197,1998,84,32,9,0,0,274,81435.9315,ID-SEN,0.525657071,0.833541927,0.681268252
614,S8MI00372,JOHN JAMES,JAMES,REP,60890,37858,13847,6885,2300,27551,16897,10995,5447,53457,1699,807,225,16,0,4686,73659.899,MI-SEN,0.45247167,0.87792741,0.621744129
615,S8MN00578,TINA SMITH,SMITH,DEM,30339,24016,4642,1403,278,16718,7926,3978,1717,26531,504,408,129,9,0,2758,80215.0957,MN-SEN,0.551039916,0.874484986,0.791588385
618,S8MS00261,CINDY HYDE-SMITH,HYDE-SMITH,REP,5048,3004,1177,641,226,2132,1285,856,775,3963,205,270,23,1,0,586,72219.0081,MS-SEN,0.422345483,0.785063391,0.595087163
619,S8MS00287,MICHAEL ESPY,ESPY,DEM,18478,12611,3615,1746,506,8288,4259,2998,2933,13206,626,1988,99,7,0,2552,73106.1769,MS-SEN,0.448533391,0.714687737,0.682487282
623,S8OR00207,JEFFREY MERKLEY,MERKLEY,DEM,23648,15886,5127,2248,387,8719,7312,4815,2802,21188,507,272,83,14,1,1583,69184.6345,OR-SEN,0.368699256,0.89597429,0.671769283
624,S8TN00311,JAMES MACKLER,MACKLER,DEM,7862,5820,1208,614,220,3499,1768,1444,1151,6752,145,266,31,1,0,667,73235.4874,TN-SEN,0.44505215,0.858814551,0.740269651
626,S8TX00459,CRISTINA TZINTZUN RAMIREZ,TZINTZUN RAMIREZ,DEM,11933,8712,2030,855,336,5636,2985,1903,1409,8027,1161,368,106,3,0,2268,74434.1251,TX-SEN,0.472303696,0.672672421,0.730076259